"ID","Type","Name","Documentation","Source","Target","Specialization"
"018ad8de-9e67-4bb6-9991-67a4d78d7986","AccessRelationship","","","9c83d5ef-01d7-4808-ad06-e4493fbf9cf6","5217608c-403c-4774-a042-ea9e9cd46d53",""
"01e06071-b367-4a94-bcde-f09ba3801aca","AccessRelationship","","","992bbd31-9b6a-4185-96a4-2f9aba857ac1","80351b64-f201-4d42-97af-248475c50636",""
"01ef1390-af37-46b1-a40e-4f6a4a3a6d62","AccessRelationship","","","f7d4f910-6275-49bd-98aa-f81c73f3925b","5a713e08-04ff-482e-9a5a-4f8a17890f71",""
"035a7328-e187-4c7c-a889-0761cbfa956f","AccessRelationship","","","491183c1-dd93-428b-a1aa-e8ba4bd51c57","b47ab109-68f7-4ecd-8ce6-8d45ba137a58",""
"050e4fd5-9631-4bbc-ab9b-b858f2dfd328","AccessRelationship","","","7747cee8-f983-4c1f-a0ee-fd35ab346e5d","ae9e97db-6908-46ee-8bde-facbabbfcb40",""
"0555b232-4383-4988-96d7-d265c292f3f4","AccessRelationship","","","af9e0d82-de0d-4bfd-93e7-1a3253e43e8c","04c94723-71e4-41f9-9202-3e5d2b274900",""
"055a87d9-934c-4f2d-99aa-0c97338b35f9","AccessRelationship","","","741b5780-1beb-4cea-b0a4-d70f0f050601","edb1c36b-e188-4c80-ab5f-75bd4a90ed70",""
"06540281-2117-445e-96b9-f9a0fdfac21e","AccessRelationship","","","029eec0c-36b5-42e0-8bed-96cd6d7182c4","70b1747a-9598-4365-bd1c-75f6d04fe6a5",""
"06650eca-bde0-48f9-a119-53225ca2baa9","AccessRelationship","","","f7d4f910-6275-49bd-98aa-f81c73f3925b","926fc0a1-ebe5-4cf2-8d6a-ec647c7c6070",""
"07d77a0f-4fbc-4f24-b212-a76c4d4618b7","AccessRelationship","","","9c015bfb-b80c-40de-b40d-80abe47553b6","bb76cbad-b960-4e95-b8c8-b5a67c5dbf85",""
"0880694d-c392-4852-b641-f85b726f4c7e","AccessRelationship","","","491183c1-dd93-428b-a1aa-e8ba4bd51c57","dc9bf07b-fc5f-4926-acae-ed53f0264ded",""
"0929229b-29b6-452f-b8b0-a71545e76a46","AccessRelationship","","","e51ea540-dbc6-4fe6-b89a-ea4643919bd8","6f7853a1-aa22-45bb-a0ca-7d0f4838e6fc",""
"0bb567d8-97c5-4f23-a3e7-d806a1818e23","AccessRelationship","","","af9e0d82-de0d-4bfd-93e7-1a3253e43e8c","bd4606a1-70de-4e1f-89f2-d25e897552cc",""
"0d79ab71-de37-48a3-91a0-7bf74d90a6c3","AccessRelationship","","","b8ac0880-99a6-478a-bf9d-ea454b055bd1","95d9105e-3d79-48bf-ad81-d34628503715",""
"0da1053c-7d42-4b0a-bc5b-048157d03737","AccessRelationship","","","e51ea540-dbc6-4fe6-b89a-ea4643919bd8","2d727ded-5f99-4974-9298-a8e4090d3c77",""
"0dc387ce-29d3-4d01-9233-dcfc34b2b22e","AccessRelationship","","","af9e0d82-de0d-4bfd-93e7-1a3253e43e8c","15d17abc-2d9e-4323-be4e-1d7730d99a7f",""
"0e9c0075-bd46-4307-bc24-8cff421d5b76","AccessRelationship","","","7747cee8-f983-4c1f-a0ee-fd35ab346e5d","e5d881ec-b634-4ef2-b89e-37227a395bf0",""
"0ecd2ea3-acc2-4bb8-97d7-69d1746b11c5","AccessRelationship","","","7095441f-861e-4a75-a5b7-5f65c9d58466","a280619f-6ca3-444a-a328-b00ec0d68fba",""
"112e821c-2035-410c-b600-85c8f1dc3dee","AccessRelationship","","","46416b34-95e9-4757-9c59-ca9f291ea39b","c260cd18-3810-490b-a6ba-afd78fa2e9fc",""
"11426db5-0e25-43af-b51e-b36e0488cf3d","AccessRelationship","","","d25855a7-e8a3-4aa1-9801-7adcd555a4e8","81e259c0-4686-4b6d-9675-01e34a4587a5",""
"11e8d53f-a73c-4e4e-8d31-f2a9be46e378","AccessRelationship","","","be1b5c92-0387-4725-83aa-85e146694e2c","9b26bb44-5b46-4890-9d86-30fa22bdb03c",""
"14192f50-92e0-4366-9ff4-1fa13cf0525f","AccessRelationship","","","491183c1-dd93-428b-a1aa-e8ba4bd51c57","59fc8b2f-647a-4c00-9859-f1e25773e843",""
"149a3236-aa6a-492b-b764-0a77e98e6155","AccessRelationship","","","13e0bed5-2e8c-4178-a392-b9b7080c92d6","22819028-9f55-4c59-af1c-43a9307b2bdb",""
"14d7bdce-0492-4867-bd44-d1dc5d5b17e8","AccessRelationship","","","1f4dc672-97ff-4f00-8b2b-20e42d40daa5","926fc0a1-ebe5-4cf2-8d6a-ec647c7c6070",""
"15fbc349-738f-4b34-8df6-2f10bbe4fad0","AccessRelationship","","","13e19b84-beca-474c-8ab9-9d006c72bffb","135953ff-fb8f-4beb-b5de-3673cf2ff47b",""
"165faa0d-2c9d-415f-9444-e5ae6b4e6528","AccessRelationship","","","9c015bfb-b80c-40de-b40d-80abe47553b6","8125ddd6-a161-4c29-9943-8382f1773807",""
"1a26aea3-d96b-4169-be95-2ff18bda3e89","AccessRelationship","","","9c83d5ef-01d7-4808-ad06-e4493fbf9cf6","926fc0a1-ebe5-4cf2-8d6a-ec647c7c6070",""
"1aad51d8-033c-4854-9b0d-ca1a5c31fde5","AccessRelationship","","","b8ac0880-99a6-478a-bf9d-ea454b055bd1","b6edf327-79de-4fbf-b594-ddaad1046ab9",""
"1bee7b6a-2bbf-4f2f-9d05-e9d70199357e","AccessRelationship","","","1f4dc672-97ff-4f00-8b2b-20e42d40daa5","f6105dcf-0a13-4c12-85d9-e449652b0b9c",""
"1c756ede-dbc8-4dee-b550-525bd1530ee4","AccessRelationship","","","258aa5cb-514c-4ab8-8cbc-494dd3f4f386","e65566b5-1d74-4440-91e1-bbbffae5fd4b",""
"1c83ecda-94ed-4712-970e-123392f7fd28","AccessRelationship","","","9c83d5ef-01d7-4808-ad06-e4493fbf9cf6","36d4a899-bde6-4e37-8fa6-79df485d155c",""
"1ccaaf34-56aa-4b4b-89db-6aa042c57ea9","AccessRelationship","","","7747cee8-f983-4c1f-a0ee-fd35ab346e5d","13069d0f-ac8f-4933-a9a5-00bed405832d",""
"1cdb8fbf-c79b-48af-910c-28896a93ca40","AccessRelationship","","","f7d4f910-6275-49bd-98aa-f81c73f3925b","6c559e26-5e07-427b-84ee-ab438312caf5",""
"1d082a81-211b-41fb-9b7c-3c1dfb7d90fa","AccessRelationship","","","1f4dc672-97ff-4f00-8b2b-20e42d40daa5","29b9ee3f-985f-405e-a64d-a4e7db3b7bc3",""
"1d47d4d4-be43-4ba3-b74a-5ef3be3547e9","AccessRelationship","","","9c83d5ef-01d7-4808-ad06-e4493fbf9cf6","cca11f71-f9e3-45f0-8352-7656cd0a581c",""
"1d6e30e0-f454-4258-b24e-dbc6b461d13c","AccessRelationship","","","13e19b84-beca-474c-8ab9-9d006c72bffb","cbaae451-a92e-4a0f-8983-dc3972b0977d",""
"1e13ce04-9771-4ae0-b60f-960f81070648","AccessRelationship","","","992bbd31-9b6a-4185-96a4-2f9aba857ac1","6b8f4302-4d0c-4198-984c-3fceea6b29ca",""
"1e61c23c-0a8e-4450-b783-41b90d578d59","AccessRelationship","","","def60c92-d482-4f16-97a9-405f63db813a","825bcd68-a087-45bb-bda0-493fc8b92c88",""
"1fe6b2ba-bab7-44ef-a470-4d23d40b3245","AccessRelationship","","","491183c1-dd93-428b-a1aa-e8ba4bd51c57","a86aa7d9-f171-4c06-b536-a497058f4ce5",""
"202f4cb0-d7f2-4650-924c-1da3b31d6caf","AccessRelationship","","","b8ac0880-99a6-478a-bf9d-ea454b055bd1","2613c1e5-dd0f-43bc-8dfe-b8e595e54ba8",""
"206e0c0c-20f6-44f0-b28e-9317c29fc749","AccessRelationship","","","7747cee8-f983-4c1f-a0ee-fd35ab346e5d","c0e1d3e2-e427-4617-bfb8-7960e6d676dd",""
"220646f8-186e-4b04-8dae-1009361a670e","AccessRelationship","","","9c015bfb-b80c-40de-b40d-80abe47553b6","236b6c55-2f18-41a3-90b8-47d2081986dd",""
"2212ebc2-cceb-4a84-a960-a8617d33f130","AccessRelationship","","","83d72c0b-f74b-4619-9684-cf9cd7aad05d","30db0cdb-b722-4043-8ad0-49ceb40dc50c",""
"2269d89b-bc6f-460e-b1b5-1526f38acf01","AccessRelationship","","","ff04e457-13dc-40af-aad1-e4d200062beb","a280619f-6ca3-444a-a328-b00ec0d68fba",""
"237d7ea7-f1bc-44d1-aee8-f333f81cefff","AccessRelationship","","","9261e84f-49e1-46f8-86ee-ed7fdb1ca83a","54ecd60c-1e2b-4da5-8805-0317adac7580",""
"23aea094-c480-4ee3-b7b9-7d59fc184f00","AccessRelationship","","","af9e0d82-de0d-4bfd-93e7-1a3253e43e8c","709c58a0-6f19-48aa-9172-f75d64a22067",""
"24df20a5-1407-45e9-9964-892a288209c3","AccessRelationship","","","491183c1-dd93-428b-a1aa-e8ba4bd51c57","6fb56e3e-f6da-4bbb-99e1-4faa6a94d14d",""
"257bd24e-bd1d-41c1-bf95-c0d29eccf46b","AccessRelationship","","","af9e0d82-de0d-4bfd-93e7-1a3253e43e8c","ffbf9e81-7d99-4cb7-9bb7-a0f3f016d5ef",""
"285afe0e-6920-48bb-85dc-0794f5eb2ad8","AccessRelationship","","","d489ff5e-6c55-4351-bc61-5d2f7ff52e54","78cd1fed-161f-4926-a98c-a8d99f3aef58",""
"2999ce66-6dbb-49dc-a3c6-b7bde129e2e8","AccessRelationship","","","1f4dc672-97ff-4f00-8b2b-20e42d40daa5","ffbe63c8-7046-4f8d-97ce-c83a74116967",""
"2a0d27f9-80d2-4f50-99e8-497e3e011aad","AccessRelationship","","","13e0bed5-2e8c-4178-a392-b9b7080c92d6","84e97d09-ad79-43a3-bd1f-15b0ef8ca032",""
"2a471700-e336-44f9-98b3-bfcf5526f8b5","AccessRelationship","","","9c015bfb-b80c-40de-b40d-80abe47553b6","ea203d98-af14-445a-b44a-3471e0c88710",""
"2ac1869d-09de-486c-b7f1-519670146a34","AccessRelationship","","","741b5780-1beb-4cea-b0a4-d70f0f050601","06619237-98c0-49d5-8134-08b7400eafc3",""
"2b2ec001-78dc-4d18-ab59-a47dff27e7c9","AccessRelationship","","","029eec0c-36b5-42e0-8bed-96cd6d7182c4","5d9b53ba-66e5-4951-afbe-b67f1386d462",""
"2b7c0ff6-275c-41e8-8a10-e81f204efdb9","AccessRelationship","","","491183c1-dd93-428b-a1aa-e8ba4bd51c57","f6105dcf-0a13-4c12-85d9-e449652b0b9c",""
"2c33c582-0dbc-47a6-9e20-e81a37428405","AccessRelationship","","","e51ea540-dbc6-4fe6-b89a-ea4643919bd8","369a37e4-1d00-4514-b4ad-e7fa50386aa1",""
"2c550b4b-a3d7-4a19-ac50-0279021beb26","AccessRelationship","","","992bbd31-9b6a-4185-96a4-2f9aba857ac1","e65566b5-1d74-4440-91e1-bbbffae5fd4b",""
"2c5db6d2-bfff-4196-9f93-77ed2904b5a6","AccessRelationship","","","dd630d51-558b-4ccc-9091-5f0822ff4d02","9cd824a5-310f-47ca-995a-9934f027965c",""
"2c7538f5-8d0d-4427-9b96-febae31281d9","AccessRelationship","","","9c83d5ef-01d7-4808-ad06-e4493fbf9cf6","f6105dcf-0a13-4c12-85d9-e449652b0b9c",""
"2cf6bb08-7567-4740-8eb4-4a14a1c6c0c1","AccessRelationship","","","46416b34-95e9-4757-9c59-ca9f291ea39b","1cd9a51f-2e0f-4ca4-9b46-41b4069810eb",""
"2cf6df3f-4d1f-4922-a6dc-d561b073a5d0","AccessRelationship","","","7095441f-861e-4a75-a5b7-5f65c9d58466","e22f055a-9433-4ee7-ae89-ecf17e132e79",""
"2d0022e3-43dc-4e65-8b12-f62c66203dea","AccessRelationship","","","af9e0d82-de0d-4bfd-93e7-1a3253e43e8c","6f68b4bb-aa7d-43ae-9a7c-fd4610cd7cfd",""
"2e182a72-f32b-431f-ac3e-204c68f27437","AccessRelationship","","","029eec0c-36b5-42e0-8bed-96cd6d7182c4","0011d823-78e2-4606-9b9e-09d8b02a08d1",""
"2e9be134-d14b-4b1b-9bcf-b241e8676bc0","AccessRelationship","","","6fab2289-0d98-43f7-98e5-516aa0e46709","fe027c4d-a4f1-4ce1-af81-64dcc6f5416b",""
"2f62914a-275b-43cd-9613-e02c5e4a00b3","AccessRelationship","","","491183c1-dd93-428b-a1aa-e8ba4bd51c57","8e3bb868-87cc-4d20-9d14-bd64fd535499",""
"2fbcefbc-6632-4d13-9826-9d0941057fe9","AccessRelationship","","","dd630d51-558b-4ccc-9091-5f0822ff4d02","8b95999a-c8e0-49cb-9aff-ddc51c4ba995",""
"2fd6c254-0cd2-4a4a-9a55-1894b92bd261","AccessRelationship","","","83d72c0b-f74b-4619-9684-cf9cd7aad05d","ebd0e90c-ec92-4125-a1ac-3f1b8cd278d7",""
"2ff2cfbc-2ea2-40d4-8a09-1833b940be95","AccessRelationship","","","46416b34-95e9-4757-9c59-ca9f291ea39b","1676b914-b386-4251-baca-a7a1b35767ab",""
"301c43c9-a050-4388-9aa5-d30b0976971d","AccessRelationship","","","def60c92-d482-4f16-97a9-405f63db813a","9abc00a2-ef3c-486a-89c4-3b9e16d012fe",""
"34687867-a60e-4380-9263-374f0715db49","AccessRelationship","","","9c83d5ef-01d7-4808-ad06-e4493fbf9cf6","e65566b5-1d74-4440-91e1-bbbffae5fd4b",""
"347f0977-b8dc-4665-beeb-b182ee414db1","AccessRelationship","","","13e0bed5-2e8c-4178-a392-b9b7080c92d6","ffbf9e81-7d99-4cb7-9bb7-a0f3f016d5ef",""
"3506c29e-b36e-4e47-9315-a80bf17466f8","AccessRelationship","","","be1b5c92-0387-4725-83aa-85e146694e2c","75fc9cd9-d84b-4606-a0e4-24e338efb490",""
"378ff198-6665-4c6b-a0e0-846fb0cf16f9","AccessRelationship","","","9c83d5ef-01d7-4808-ad06-e4493fbf9cf6","b47ab109-68f7-4ecd-8ce6-8d45ba137a58",""
"37e2c819-ac58-4fc3-9a81-3ad34920c7b4","AccessRelationship","","","d25855a7-e8a3-4aa1-9801-7adcd555a4e8","b0338605-ba64-4de6-bebc-1b291cfce6ed",""
"38aac739-43c7-4026-8d25-b703f2f1a468","AccessRelationship","","","d489ff5e-6c55-4351-bc61-5d2f7ff52e54","79348313-ecd9-4cf5-9d1a-4601ab702315",""
"398d63ca-743e-4db5-9c63-79d239836a09","AccessRelationship","","","13e19b84-beca-474c-8ab9-9d006c72bffb","dc9bf07b-fc5f-4926-acae-ed53f0264ded",""
"3a40bd35-6cea-4b53-8305-9764f2bffa6d","AccessRelationship","","","b8ac0880-99a6-478a-bf9d-ea454b055bd1","71295167-90da-4086-9b97-0152ebcbc6ca",""
"3a8b3b54-4093-42fc-8b0b-fbf0f151272e","AccessRelationship","","","e51ea540-dbc6-4fe6-b89a-ea4643919bd8","fdbac9c5-28bd-419e-b701-03b7a95b31d9",""
"3c5e2a8d-acab-4a18-95bf-e2f3649715bb","AccessRelationship","","","dd630d51-558b-4ccc-9091-5f0822ff4d02","ca733799-24ee-457f-9a7a-8ea0e5fc83e6",""
"3e529b65-d814-4713-a722-52481ea048cd","AccessRelationship","","","1f4dc672-97ff-4f00-8b2b-20e42d40daa5","5a713e08-04ff-482e-9a5a-4f8a17890f71",""
"3ebf72e2-eed0-4893-ab22-4d5021fdab47","AccessRelationship","","","491183c1-dd93-428b-a1aa-e8ba4bd51c57","5217608c-403c-4774-a042-ea9e9cd46d53",""
"3f30c4d4-3155-4101-8d7f-c41f9f8b4a30","AccessRelationship","","","ff04e457-13dc-40af-aad1-e4d200062beb","df0fca67-d83d-4612-8d24-f441ad59b7b5",""
"3f98bc57-7727-4d82-827b-c297bf97f051","AccessRelationship","","","6fab2289-0d98-43f7-98e5-516aa0e46709","30cb00ea-6a97-4838-9d40-3a918c2c161e",""
"40aef9ba-3100-412b-ad6f-19eae351d2c7","AccessRelationship","","","7747cee8-f983-4c1f-a0ee-fd35ab346e5d","af0d6bc8-3445-4910-8b6c-7cb4fc988a29",""
"41fce59b-4ae5-4886-83a8-6c15b98834da","AccessRelationship","","","13e19b84-beca-474c-8ab9-9d006c72bffb","5217608c-403c-4774-a042-ea9e9cd46d53",""
"446eb0c6-219c-4eb9-8ac6-de5c7e804f7d","AccessRelationship","","","7747cee8-f983-4c1f-a0ee-fd35ab346e5d","69a3f176-8d8e-4582-9e77-4a64812d5ec3",""
"4473f69e-b867-4401-8223-7394857e0fbf","AccessRelationship","","","029eec0c-36b5-42e0-8bed-96cd6d7182c4","3b0ecdf4-9356-439d-97d2-49d0ba3c3351",""
"44d7d256-abeb-4873-a67a-6819d3f80563","AccessRelationship","","","46416b34-95e9-4757-9c59-ca9f291ea39b","369a37e4-1d00-4514-b4ad-e7fa50386aa1",""
"44fa6efc-93c6-4688-a211-fce132ab681e","AccessRelationship","","","dd630d51-558b-4ccc-9091-5f0822ff4d02","3c6f619c-1b41-4465-9b4a-9c4296d88eb6",""
"4661a59a-ccd2-480d-862c-7f2f95223d6c","AccessRelationship","","","d25855a7-e8a3-4aa1-9801-7adcd555a4e8","df3d31fd-b3cb-4007-9ca1-354133b061d4",""
"46848254-d001-40dc-9475-054e876b2802","AccessRelationship","","","7095441f-861e-4a75-a5b7-5f65c9d58466","8929a81b-b9ae-46fc-a916-c495b55d74f2",""
"46ad2716-2834-4e6e-8b56-42c272a3805a","AccessRelationship","","","13e19b84-beca-474c-8ab9-9d006c72bffb","3b0ecdf4-9356-439d-97d2-49d0ba3c3351",""
"47b73575-bd25-414e-b1bd-9c92c2dc9389","AccessRelationship","","","13e0bed5-2e8c-4178-a392-b9b7080c92d6","b9b7530d-7ec8-4ea3-a0eb-c958a5d3e5f4",""
"47cec560-4f9c-4d16-94f1-1d835b296e73","AccessRelationship","","","be1b5c92-0387-4725-83aa-85e146694e2c","1f708dce-d754-4189-a82f-2c1b7b3e0616",""
"48a582c8-c95d-41b3-b45e-12cfb0639fd3","AccessRelationship","","","67584c24-782b-4a6e-a73e-1302dd306ed1","556efe37-961e-4bb2-aacc-5e3cffc946dd",""
"49805334-a391-4046-b60a-b6949edc944d","AccessRelationship","","","13e19b84-beca-474c-8ab9-9d006c72bffb","69a3f176-8d8e-4582-9e77-4a64812d5ec3",""
"4ac1657a-c3cc-44ad-8cff-a74beb7eea23","AccessRelationship","","","67584c24-782b-4a6e-a73e-1302dd306ed1","e22f055a-9433-4ee7-ae89-ecf17e132e79",""
"4b7061ab-a931-4827-971c-139fe86dde67","AccessRelationship","","","d25855a7-e8a3-4aa1-9801-7adcd555a4e8","d530c08e-86c5-4ed4-9493-8d1f6a253e42",""
"4ba34a3e-c5ad-4e14-bdb0-836663b0b6a6","AccessRelationship","","","258aa5cb-514c-4ab8-8cbc-494dd3f4f386","24938e6b-1736-4ec2-9581-66a19b89c89a",""
"4bcb3017-9f32-4fda-81a5-b35abac2501c","AccessRelationship","","","46416b34-95e9-4757-9c59-ca9f291ea39b","81b48bbc-5163-41b5-986d-f79cec1f99f8",""
"4cf2ecc0-68aa-4e1e-9cfc-23e484e430c0","AccessRelationship","","","af9e0d82-de0d-4bfd-93e7-1a3253e43e8c","33b69fd0-f296-45a7-b426-fc373103c301",""
"4de2cdd4-7e0f-431e-9c17-1f9a6fcdc9b9","AccessRelationship","","","b8ac0880-99a6-478a-bf9d-ea454b055bd1","c97c3a53-8622-4a96-bbf6-58c2014f22c4",""
"4e887e78-64a4-4975-937b-02c14acd3c40","AccessRelationship","","","d489ff5e-6c55-4351-bc61-5d2f7ff52e54","e3948655-b140-409e-ae79-bafb235f620c",""
"4e9698d6-b068-4afd-ae76-ab923dcaed2c","AccessRelationship","","","491183c1-dd93-428b-a1aa-e8ba4bd51c57","95d9105e-3d79-48bf-ad81-d34628503715",""
"4f5dcc29-94dc-4bd8-bc09-98dc473b05f0","AccessRelationship","","","46416b34-95e9-4757-9c59-ca9f291ea39b","6fb56e3e-f6da-4bbb-99e1-4faa6a94d14d",""
"50005547-56fe-4c82-ab62-66d485e6d574","AccessRelationship","","","992bbd31-9b6a-4185-96a4-2f9aba857ac1","b727070e-8310-4c55-a6b1-6f27809a0f93",""
"5006c723-0f81-4332-82a7-35dbacedf1fd","AccessRelationship","","","af9e0d82-de0d-4bfd-93e7-1a3253e43e8c","0011d823-78e2-4606-9b9e-09d8b02a08d1",""
"54012268-cead-426a-9100-f37768623046","AccessRelationship","","","491183c1-dd93-428b-a1aa-e8ba4bd51c57","2074c4a7-b0d7-4095-90a0-4a5e342e2068",""
"54a4ea7e-8a62-4c12-9968-4a3851810986","AccessRelationship","","","7095441f-861e-4a75-a5b7-5f65c9d58466","945a2e0b-374c-4014-b5e4-01c781ebde3c",""
"55c4558e-2234-437b-9108-8bcf4b52f44e","AccessRelationship","","","d25855a7-e8a3-4aa1-9801-7adcd555a4e8","80351b64-f201-4d42-97af-248475c50636",""
"55e198a5-2565-4f00-afd2-ef31b90f3eb1","AccessRelationship","","","1f4dc672-97ff-4f00-8b2b-20e42d40daa5","d799ed49-121c-489d-b3bb-e4b8df04ac13",""
"56b772e3-05f5-4c6d-aa82-c1bf1d6e6bf1","AccessRelationship","","","7095441f-861e-4a75-a5b7-5f65c9d58466","159bc10b-d17a-4007-8999-7e234ba9b341",""
"56b864dc-fdff-49b7-9a4b-40f8d36e5cfb","AccessRelationship","","","af9e0d82-de0d-4bfd-93e7-1a3253e43e8c","8b22cc29-784f-4c66-9e73-63662674efda",""
"56c87866-e612-4ffd-b3d0-5821a2190e54","AccessRelationship","","","9c83d5ef-01d7-4808-ad06-e4493fbf9cf6","f68f2ec1-2ad4-49d7-899a-beba9d69a3d2",""
"5704b73d-e3c6-4a61-93d8-859037979743","AccessRelationship","","","46416b34-95e9-4757-9c59-ca9f291ea39b","d50512c9-df85-4cd8-9dd8-f7e33c4f0728",""
"570f9c24-bfee-4164-a56b-705f4eb08ed3","AccessRelationship","","","b8ac0880-99a6-478a-bf9d-ea454b055bd1","e65566b5-1d74-4440-91e1-bbbffae5fd4b",""
"57dbf33e-8b48-43fd-8e82-fc5e643baa3b","AccessRelationship","","","be1b5c92-0387-4725-83aa-85e146694e2c","ff8fd7c1-a76f-4078-a9aa-2008ca343591",""
"584bb6ea-7caf-483c-84f6-346abd5242a1","AccessRelationship","","","1f4dc672-97ff-4f00-8b2b-20e42d40daa5","09c41e1d-534a-47a8-8165-053b68407206",""
"5a068ea7-ae82-457d-9b7e-87f813e8fbf2","AccessRelationship","","","af9e0d82-de0d-4bfd-93e7-1a3253e43e8c","e22f055a-9433-4ee7-ae89-ecf17e132e79",""
"5aa12bd8-916f-4869-a790-8f0d1428264b","AccessRelationship","","","83d72c0b-f74b-4619-9684-cf9cd7aad05d","84e97d09-ad79-43a3-bd1f-15b0ef8ca032",""
"5acb7186-67b3-4338-95b3-842338538501","AccessRelationship","","","1f4dc672-97ff-4f00-8b2b-20e42d40daa5","ee2cb03b-f153-478c-a52b-cb13a8aa68ba",""
"5acca2c5-5a74-4a3f-9afc-075ecf189c52","AccessRelationship","","","af9e0d82-de0d-4bfd-93e7-1a3253e43e8c","825bcd68-a087-45bb-bda0-493fc8b92c88",""
"5bb229ad-17d0-4945-b115-d40ac8acc739","AccessRelationship","","","9d02dcd8-dca7-42a2-9425-d2aaa7458fba","6c54ba35-1dad-4cc3-ae60-d04b5c2ef19d",""
"5bf6d766-023d-4e44-9341-aa0d55dc40e0","AccessRelationship","","","741b5780-1beb-4cea-b0a4-d70f0f050601","3ddd01c4-4887-436d-be53-6f3123449aae",""
"5c158de5-fe45-42a3-a42b-a9bf48593dcf","AccessRelationship","","","7747cee8-f983-4c1f-a0ee-fd35ab346e5d","f0672845-f672-4bae-80c0-f709a1eae564",""
"5c946304-b9db-45db-b84e-d74ef96a448d","AccessRelationship","","","d489ff5e-6c55-4351-bc61-5d2f7ff52e54","06619237-98c0-49d5-8134-08b7400eafc3",""
"5daae475-dd6f-47c7-976a-8e4ab67fd54e","AccessRelationship","","","46416b34-95e9-4757-9c59-ca9f291ea39b","8b95999a-c8e0-49cb-9aff-ddc51c4ba995",""
"5dea812f-8066-48ed-87b7-88d676c27e00","AccessRelationship","","","aa6772e6-4886-4a54-9a91-5ec034fe941d","7b2edd1f-c574-4c6f-91cb-fbef7e39995a",""
"5e1daeb6-801d-4184-a2b8-5c278b7f43df","AccessRelationship","","","13e0bed5-2e8c-4178-a392-b9b7080c92d6","556efe37-961e-4bb2-aacc-5e3cffc946dd",""
"5ec8faa0-12a5-4b15-97b5-189d8e970c70","AccessRelationship","","","e51ea540-dbc6-4fe6-b89a-ea4643919bd8","636e2201-493e-4e4a-a39d-8f0fda24748d",""
"5fd9f231-c4ab-430a-927e-586923c0c810","AccessRelationship","","","13e19b84-beca-474c-8ab9-9d006c72bffb","f0672845-f672-4bae-80c0-f709a1eae564",""
"60b139e3-3217-490b-b353-e7cc0c1c4b16","AccessRelationship","","","46416b34-95e9-4757-9c59-ca9f291ea39b","e65566b5-1d74-4440-91e1-bbbffae5fd4b",""
"60cfacb5-dbbb-4861-a9bf-264504eaa845","AccessRelationship","","","af9e0d82-de0d-4bfd-93e7-1a3253e43e8c","94653c00-8945-4111-988a-f9239f1d7e81",""
"6208a8fa-a6e9-4422-b661-6c4e6d4f7f2e","AccessRelationship","","","9d02dcd8-dca7-42a2-9425-d2aaa7458fba","80351b64-f201-4d42-97af-248475c50636",""
"662e66f0-e2a6-4709-a4a4-5b3daaffb65c","AccessRelationship","","","46416b34-95e9-4757-9c59-ca9f291ea39b","ee2cb03b-f153-478c-a52b-cb13a8aa68ba",""
"67c4ad8c-4a29-4ba0-8d5b-dfaa2d982f0e","AccessRelationship","","","13e0bed5-2e8c-4178-a392-b9b7080c92d6","87b33951-5f96-46a6-ba14-9d881f8dbd52",""
"69efcca8-a7f2-46f7-9d5e-9a316d2a25f8","AccessRelationship","","","eea96f65-e8bc-4243-a394-f617cfb27253","b7ec08b8-d429-4c48-bca0-751fdfa5accb",""
"6a0c0eeb-ad44-4733-914b-f1b7f0fd9fa6","AccessRelationship","","","ff04e457-13dc-40af-aad1-e4d200062beb","fbac47f8-6f26-4803-a3ff-780a7c5b66f7",""
"6af5689e-6590-494e-b2c4-960d14d6f753","AccessRelationship","","","aa6772e6-4886-4a54-9a91-5ec034fe941d","c61a1a8e-0c39-4890-a97a-7ee7369726fa",""
"6b30c146-0c20-4853-8659-68338f0d9aff","AccessRelationship","","","7747cee8-f983-4c1f-a0ee-fd35ab346e5d","ac4c14b4-361c-4100-a2f6-52d22195ae8d",""
"6bc5a354-a671-4ef8-b851-596ad2b8e21e","AccessRelationship","","","9c83d5ef-01d7-4808-ad06-e4493fbf9cf6","6d9f7dee-dfa8-4b73-99f6-93f5a5ca73c5",""
"6bdfe593-563d-4adf-9599-8d78837858ba","AccessRelationship","","","f7d4f910-6275-49bd-98aa-f81c73f3925b","4fdb2e50-512e-416b-b2a0-adb06284014a",""
"6c3f11f5-d69c-4e0c-9fc7-493f605acca8","AccessRelationship","","","d489ff5e-6c55-4351-bc61-5d2f7ff52e54","e65566b5-1d74-4440-91e1-bbbffae5fd4b",""
"6da46766-c62c-4dd4-a1f2-127ea9dc7b0a","AccessRelationship","","","67584c24-782b-4a6e-a73e-1302dd306ed1","66ee15e1-3600-48d4-bc12-2be4b9977fec",""
"6e8a5b99-a97e-4172-bea1-b7378334e1a7","AccessRelationship","","","13e19b84-beca-474c-8ab9-9d006c72bffb","01a98b72-0c19-4ec4-9d48-0fc28c743eb0",""
"7079fee6-2826-4b46-bf65-38f2c67cc30f","AccessRelationship","","","13e0bed5-2e8c-4178-a392-b9b7080c92d6","e22f055a-9433-4ee7-ae89-ecf17e132e79",""
"707f016f-cd2a-465f-9ac3-ba01a275d356","AccessRelationship","","","ff04e457-13dc-40af-aad1-e4d200062beb","e22f055a-9433-4ee7-ae89-ecf17e132e79",""
"7227f1ed-a8de-4bb2-8a1e-35aee165100a","AccessRelationship","","","491183c1-dd93-428b-a1aa-e8ba4bd51c57","e65566b5-1d74-4440-91e1-bbbffae5fd4b",""
"72fa3913-8ce2-4431-9534-7557b262b339","AccessRelationship","","","d25855a7-e8a3-4aa1-9801-7adcd555a4e8","41f874c8-4e4b-4c71-880c-ccf8713a52fd",""
"7455512b-a34b-405c-88bc-c316378b0aad","AccessRelationship","","","13e19b84-beca-474c-8ab9-9d006c72bffb","ac4c14b4-361c-4100-a2f6-52d22195ae8d",""
"76135e60-a981-4124-97fc-14f64e4d8ee8","AccessRelationship","","","491183c1-dd93-428b-a1aa-e8ba4bd51c57","0765321e-ec00-471a-bd73-98fc3511562f",""
"76e4e93c-2326-4351-8add-e9e62ec98d0f","AccessRelationship","","","f7d4f910-6275-49bd-98aa-f81c73f3925b","ad05cc86-13fa-46e3-b623-aa6280ac9f32",""
"7820b70d-b169-4699-9d0e-9e3fb77a73cb","AccessRelationship","","","aa6772e6-4886-4a54-9a91-5ec034fe941d","b518edaa-3b13-497a-8366-a04ddce25858",""
"784cb71e-daaf-4d7f-835f-b8d01d9cd1c8","AccessRelationship","","","af9e0d82-de0d-4bfd-93e7-1a3253e43e8c","c0e1d3e2-e427-4617-bfb8-7960e6d676dd",""
"7a5a65c9-79ee-4817-b9dd-9e1074ac5efd","AccessRelationship","","","dd630d51-558b-4ccc-9091-5f0822ff4d02","473f3955-3f2d-4090-bab2-88d18bb00770",""
"7b07b45e-65d4-4a25-85b0-3615cfac247e","AccessRelationship","","","13e19b84-beca-474c-8ab9-9d006c72bffb","d645af10-125b-4f07-b2cf-a498718c56e4",""
"7b3cc65e-2b4e-4b6c-9024-0c75fbd5feab","AccessRelationship","","","13e19b84-beca-474c-8ab9-9d006c72bffb","820fbf61-c5bb-4760-a667-9b093b78a315",""
"7b487d70-c802-47f2-a801-bf80b979d1fa","AccessRelationship","","","d489ff5e-6c55-4351-bc61-5d2f7ff52e54","80351b64-f201-4d42-97af-248475c50636",""
"7bca148f-76c7-4605-8a42-cc600a3fd199","AccessRelationship","","","dd630d51-558b-4ccc-9091-5f0822ff4d02","81b48bbc-5163-41b5-986d-f79cec1f99f8",""
"7c028fbf-7f33-443b-bb7c-74382765354a","AccessRelationship","","","7747cee8-f983-4c1f-a0ee-fd35ab346e5d","ab33d3d2-038d-4226-bbeb-b2e920743d9f",""
"7d43acf7-4ead-4edf-9150-9f15d8c853c9","AccessRelationship","","","741b5780-1beb-4cea-b0a4-d70f0f050601","19a718e8-1698-4fef-ae41-a45c4fef3aa2",""
"7dee6467-ae90-42b2-af64-e9036117255d","AccessRelationship","","","e51ea540-dbc6-4fe6-b89a-ea4643919bd8","8b22cc29-784f-4c66-9e73-63662674efda",""
"7f442992-e83b-4ae7-8f65-c0efe09005cc","AccessRelationship","","","7095441f-861e-4a75-a5b7-5f65c9d58466","ac96787a-b86b-483e-add0-ee75508b2c62",""
"7f5d71f7-d862-49cc-9994-635649559ff4","AccessRelationship","","","029eec0c-36b5-42e0-8bed-96cd6d7182c4","709c58a0-6f19-48aa-9172-f75d64a22067",""
"7fafcac8-6b91-4b36-a5d1-f1e4e645a223","AccessRelationship","","","dd630d51-558b-4ccc-9091-5f0822ff4d02","75b1e821-48d5-4612-b638-8e3aa02887dd",""
"7fc557ca-9115-4f0b-aaac-8805e693b882","AccessRelationship","","","9c015bfb-b80c-40de-b40d-80abe47553b6","6f15e8f1-a233-4dd3-927f-f435f72b1ced",""
"7ff60c37-beb8-4017-8088-b72b8ba13fba","AccessRelationship","","","e51ea540-dbc6-4fe6-b89a-ea4643919bd8","2a70644d-1bcc-4efa-9475-388f7c45d741",""
"80603a4e-b953-4920-87ba-db8648995f0e","AccessRelationship","","","1f4dc672-97ff-4f00-8b2b-20e42d40daa5","62780061-c5e6-47d1-9617-036308d3a40b",""
"80c8923f-8761-46a2-a91d-3d88c6674376","AccessRelationship","","","af9e0d82-de0d-4bfd-93e7-1a3253e43e8c","895bf32c-acd8-4429-a9e4-b0ccb2ffcbf6",""
"80dd63e4-2696-41d7-8d66-eca48ac172c7","AccessRelationship","","","7747cee8-f983-4c1f-a0ee-fd35ab346e5d","36d4a899-bde6-4e37-8fa6-79df485d155c",""
"812a6af1-625e-4fbf-a689-c6aa1b3e08d2","AccessRelationship","","","029eec0c-36b5-42e0-8bed-96cd6d7182c4","e0ab33e6-d80a-46b2-90b9-7fc0806d30f7",""
"81fb7025-9f67-4a42-942c-f8875df31dba","AccessRelationship","","","741b5780-1beb-4cea-b0a4-d70f0f050601","80351b64-f201-4d42-97af-248475c50636",""
"82ff7f34-1a5f-49b0-864a-9b6e7c0cad4e","AccessRelationship","","","b8ac0880-99a6-478a-bf9d-ea454b055bd1","dc9bf07b-fc5f-4926-acae-ed53f0264ded",""
"830edbb3-904c-4324-9f2f-27c5798862fe","AccessRelationship","","","83d72c0b-f74b-4619-9684-cf9cd7aad05d","22819028-9f55-4c59-af1c-43a9307b2bdb",""
"831ab8c4-df0a-46a2-abae-709c4118a547","AccessRelationship","","","7747cee8-f983-4c1f-a0ee-fd35ab346e5d","cbaae451-a92e-4a0f-8983-dc3972b0977d",""
"83253eca-48c4-4fb1-8f6b-a5f0dfa339bf","AccessRelationship","","","9d02dcd8-dca7-42a2-9425-d2aaa7458fba","926fc0a1-ebe5-4cf2-8d6a-ec647c7c6070",""
"83ff047e-6a53-44e7-a486-8230c6980e5e","AccessRelationship","","","1f4dc672-97ff-4f00-8b2b-20e42d40daa5","e602b299-519f-48e5-a0be-777bea2bc9aa",""
"84804771-d11e-4c86-8c32-ece1313879ad","AccessRelationship","","","ff04e457-13dc-40af-aad1-e4d200062beb","16bc161f-4215-4437-b6e5-6821e736a9a3",""
"85155784-3028-40a9-9f09-f77dfa2f9405","AccessRelationship","","","491183c1-dd93-428b-a1aa-e8ba4bd51c57","1bb0180e-ad5a-46f1-856d-5278e5dac898",""
"856d8215-79ae-45a8-9c00-368bbdc00f52","AccessRelationship","","","9c83d5ef-01d7-4808-ad06-e4493fbf9cf6","d799ed49-121c-489d-b3bb-e4b8df04ac13",""
"85dca39d-054a-4a0b-9824-03fafc5606ef","AccessRelationship","","","741b5780-1beb-4cea-b0a4-d70f0f050601","30fad58c-079d-481b-8c04-34797d1e1432",""
"8713c396-2d48-4f68-a7aa-d1e914c08eef","AccessRelationship","","","dd630d51-558b-4ccc-9091-5f0822ff4d02","95d9105e-3d79-48bf-ad81-d34628503715",""
"8734d354-4a79-4494-a53f-5c8b528dc600","AccessRelationship","","","7747cee8-f983-4c1f-a0ee-fd35ab346e5d","e22f055a-9433-4ee7-ae89-ecf17e132e79",""
"877c4602-182b-4d7a-982f-8758ffb5aba6","AccessRelationship","","","e51ea540-dbc6-4fe6-b89a-ea4643919bd8","25206609-1075-4ce5-8d8f-d0463a796959",""
"880aaf2c-dd1c-47fb-a68c-5215626bdc38","AccessRelationship","","","af9e0d82-de0d-4bfd-93e7-1a3253e43e8c","5addb173-3634-4f90-bf59-e2e904f7a5ee",""
"89787759-b965-44b8-8032-5cbc74411acd","AccessRelationship","","","741b5780-1beb-4cea-b0a4-d70f0f050601","1087d39a-f946-4bb7-9b49-a3cd16f63b78",""
"8af27f73-5fba-40b6-8e78-f8ec8a5465ab","AccessRelationship","","","9d02dcd8-dca7-42a2-9425-d2aaa7458fba","8d46c7ee-17b7-4f8f-8871-bed4f0a37965",""
"8b63616b-68ac-4530-9d9c-fea8b0a33365","AccessRelationship","","","6fab2289-0d98-43f7-98e5-516aa0e46709","a2651f57-5803-4a88-a6bf-fa1bb13958c7",""
"8b934e34-9a95-4303-8e50-b28d7028ce68","AccessRelationship","","","13e19b84-beca-474c-8ab9-9d006c72bffb","e65566b5-1d74-4440-91e1-bbbffae5fd4b",""
"8d616e63-f472-47bf-8c6b-8a52360ec5b7","AccessRelationship","","","67584c24-782b-4a6e-a73e-1302dd306ed1","27dbaa9e-0cfc-49ec-bb7a-4c62e858319a",""
"8d830461-26f5-4c85-8608-752c9ad459e7","AccessRelationship","","","d489ff5e-6c55-4351-bc61-5d2f7ff52e54","ad05cc86-13fa-46e3-b623-aa6280ac9f32",""
"8e153ff7-f65f-4cab-84d2-e0fa3e1175bb","AccessRelationship","","","9c83d5ef-01d7-4808-ad06-e4493fbf9cf6","3506e1b9-7229-456f-8771-ef3a99b78bd3",""
"8e6686f8-7175-4cdb-b3cb-aa55e04dab59","AccessRelationship","","","992bbd31-9b6a-4185-96a4-2f9aba857ac1","20efbdce-14b8-49b0-9629-e78959697e7a",""
"8e8c7783-ce00-4e8c-b975-db123cd69c5d","AccessRelationship","","","e51ea540-dbc6-4fe6-b89a-ea4643919bd8","5594d13a-9743-4ba3-b07f-8771fcf425a8",""
"8ebd17d1-3ce4-4be1-b0e2-e56d501a5b0b","AccessRelationship","","","46416b34-95e9-4757-9c59-ca9f291ea39b","f2982f29-5065-4577-85d7-184f273f73f9",""
"8ed2fd0f-8232-416c-b56f-7dcaf0729417","AccessRelationship","","","13e19b84-beca-474c-8ab9-9d006c72bffb","c0e1d3e2-e427-4617-bfb8-7960e6d676dd",""
"8f540419-19e7-4e3b-a30e-25a185b24384","AccessRelationship","","","9c83d5ef-01d7-4808-ad06-e4493fbf9cf6","d83c0f33-aaf5-4429-ac4a-5450c4d72a52",""
"90ee596c-f602-4bd2-aafe-cc411a037511","AccessRelationship","","","9c83d5ef-01d7-4808-ad06-e4493fbf9cf6","1bb0180e-ad5a-46f1-856d-5278e5dac898",""
"9479d97a-d0e7-4078-9f54-284a645577a0","AccessRelationship","","","eea96f65-e8bc-4243-a394-f617cfb27253","b0a4a060-da04-41ff-9ad8-3cf42a2d42fd",""
"9605628c-df78-4eb8-a71a-02a94c2c6c5b","AccessRelationship","","","491183c1-dd93-428b-a1aa-e8ba4bd51c57","b6edf327-79de-4fbf-b594-ddaad1046ab9",""
"9622de12-ca4f-4afe-8b56-36dcfb5dc239","AccessRelationship","","","83d72c0b-f74b-4619-9684-cf9cd7aad05d","ffbf9e81-7d99-4cb7-9bb7-a0f3f016d5ef",""
"98c5d1b6-7a90-400c-b744-1cff914ad62c","AccessRelationship","","","1f4dc672-97ff-4f00-8b2b-20e42d40daa5","a86aa7d9-f171-4c06-b536-a497058f4ce5",""
"9959dfaa-47a1-4eff-acfa-1fabf12a73b1","AccessRelationship","","","029eec0c-36b5-42e0-8bed-96cd6d7182c4","90cf1423-3569-429a-a248-83baac38d066",""
"995f29a5-7fb8-48b2-85fb-abe3f9164c6b","AccessRelationship","","","13e19b84-beca-474c-8ab9-9d006c72bffb","36d4a899-bde6-4e37-8fa6-79df485d155c",""
"99cae0ed-3d91-4d5a-85c9-ce6f66c46799","AccessRelationship","","","d489ff5e-6c55-4351-bc61-5d2f7ff52e54","3793befa-68b0-41d4-be75-b1ccb189f430",""
"9a113a61-876a-4862-bde3-ffa8bc68c1df","AccessRelationship","","","9d02dcd8-dca7-42a2-9425-d2aaa7458fba","e65566b5-1d74-4440-91e1-bbbffae5fd4b",""
"9a69d2c3-cc3a-4e85-8b45-dd74a32f20d2","AccessRelationship","","","af9e0d82-de0d-4bfd-93e7-1a3253e43e8c","9abc00a2-ef3c-486a-89c4-3b9e16d012fe",""
"9c509f07-b1bc-41d8-b3fe-a787b4446949","AccessRelationship","","","dd630d51-558b-4ccc-9091-5f0822ff4d02","d50512c9-df85-4cd8-9dd8-f7e33c4f0728",""
"9c5eac37-dd21-405e-a503-657cb09c2074","AccessRelationship","","","f7d4f910-6275-49bd-98aa-f81c73f3925b","7e9cf2e5-a4ad-4bb5-8035-385eb1599dbe",""
"9f0389b5-e631-4ff1-ba00-cb24967427d1","AccessRelationship","","","e51ea540-dbc6-4fe6-b89a-ea4643919bd8","41f874c8-4e4b-4c71-880c-ccf8713a52fd",""
"9f280695-a6f5-437e-9944-16b20c75e84d","AccessRelationship","","","9d02dcd8-dca7-42a2-9425-d2aaa7458fba","3b0ecdf4-9356-439d-97d2-49d0ba3c3351",""
"9f71dff0-147b-4ae8-ba55-ae73be1c0402","AccessRelationship","","","9c83d5ef-01d7-4808-ad06-e4493fbf9cf6","135953ff-fb8f-4beb-b5de-3673cf2ff47b",""
"9f72826a-e9ca-442c-a4a4-eb99eb7f232c","AccessRelationship","","","258aa5cb-514c-4ab8-8cbc-494dd3f4f386","eb2c85b6-3ac7-4346-8c02-25be2b6a561c",""
"9fe16d7b-9a64-490a-9369-a1bac40a75c1","AccessRelationship","","","83d72c0b-f74b-4619-9684-cf9cd7aad05d","556efe37-961e-4bb2-aacc-5e3cffc946dd",""
"a0183dbc-d766-4e50-8529-dae2e033b201","AccessRelationship","","","d25855a7-e8a3-4aa1-9801-7adcd555a4e8","8b9772f2-961f-44d3-a108-0d2193e5d41a",""
"a021ec02-60d0-4ed3-b6ff-9a41bcf76cea","AccessRelationship","","","7095441f-861e-4a75-a5b7-5f65c9d58466","3efef099-f141-4465-aefb-9faa47f4b70e",""
"a0224477-2be9-4259-a9d2-0cc6cee4191d","AccessRelationship","","","f7d4f910-6275-49bd-98aa-f81c73f3925b","918ca38e-cc69-49a7-9c57-7d3c02fb1cd1",""
"a0566b00-1419-4d1e-9175-c0ec0729a11f","AccessRelationship","","","13e0bed5-2e8c-4178-a392-b9b7080c92d6","16119af6-d790-4d4a-a461-db9ee60ec2c5",""
"a17d6bbf-4eff-469e-9f05-174e51850eb9","AccessRelationship","","","d25855a7-e8a3-4aa1-9801-7adcd555a4e8","33b69fd0-f296-45a7-b426-fc373103c301",""
"a1cf832d-fe73-4e30-9f68-544c3cb14109","AccessRelationship","","","029eec0c-36b5-42e0-8bed-96cd6d7182c4","f7bf43ae-928c-4b86-8a21-0f9c5efa1499",""
"a271d6fa-c137-4e4b-b5bb-86a3817270db","AccessRelationship","","","13e19b84-beca-474c-8ab9-9d006c72bffb","8d46c7ee-17b7-4f8f-8871-bed4f0a37965",""
"a336e1a8-8143-499d-b307-cd0ca1936a6f","AccessRelationship","","","7095441f-861e-4a75-a5b7-5f65c9d58466","b0b3a97a-2946-4614-8aad-808ded847df3",""
"a41f0f93-adf7-482e-b997-6162b48e5282","AccessRelationship","","","7747cee8-f983-4c1f-a0ee-fd35ab346e5d","dc9bf07b-fc5f-4926-acae-ed53f0264ded",""
"a4b14f3a-b995-41bb-bd4e-77639145280b","AccessRelationship","","","67584c24-782b-4a6e-a73e-1302dd306ed1","b9b7530d-7ec8-4ea3-a0eb-c958a5d3e5f4",""
"a4f015c3-b184-46bf-85f7-aa4231c16438","AccessRelationship","","","b8ac0880-99a6-478a-bf9d-ea454b055bd1","2074c4a7-b0d7-4095-90a0-4a5e342e2068",""
"a66b8bfc-2d86-4b80-86bc-6f629b0ce222","AccessRelationship","","","e51ea540-dbc6-4fe6-b89a-ea4643919bd8","354a60de-670c-48a0-bd49-e683fd58921c",""
"a6a05d8e-d9e5-4ccc-9784-7cd142aa3935","AccessRelationship","","","d25855a7-e8a3-4aa1-9801-7adcd555a4e8","8c197b88-4dd9-4d28-9cfb-960f07869195",""
"a6b4d830-df96-49a1-ae08-59cf83dd0693","AccessRelationship","","","029eec0c-36b5-42e0-8bed-96cd6d7182c4","a2651f57-5803-4a88-a6bf-fa1bb13958c7",""
"a7f87df1-011f-49de-98ab-6272e42bdb95","AccessRelationship","","","9261e84f-49e1-46f8-86ee-ed7fdb1ca83a","271f1dbb-7d05-4e65-b423-e6e564e0c9d1",""
"a82180ee-37fa-4731-9780-85734790b52b","AccessRelationship","","","aa6772e6-4886-4a54-9a91-5ec034fe941d","bf301e45-8646-4edb-a137-b7d687ba969c",""
"a842c6e2-38d4-4f98-a0ba-d230632f3775","AccessRelationship","","","eea96f65-e8bc-4243-a394-f617cfb27253","ac5ff023-66d3-4316-842f-8a06376714fe",""
"a91fa8c9-45ec-44db-b239-d69f39100f94","AccessRelationship","","","46416b34-95e9-4757-9c59-ca9f291ea39b","09c41e1d-534a-47a8-8165-053b68407206",""
"aa75fb55-9ac3-4bf7-b576-df0da1cbc515","AccessRelationship","","","9c015bfb-b80c-40de-b40d-80abe47553b6","3efef099-f141-4465-aefb-9faa47f4b70e",""
"aa83a0ef-72e8-4ca6-a915-a66367d59933","AccessRelationship","","","258aa5cb-514c-4ab8-8cbc-494dd3f4f386","4e22fa01-df40-402d-9912-54dcc876b58c",""
"ac773480-ed2a-4f37-8c55-114dfa3d8a9e","AccessRelationship","","","9c83d5ef-01d7-4808-ad06-e4493fbf9cf6","dc9bf07b-fc5f-4926-acae-ed53f0264ded",""
"ad9c8e0a-b26f-41af-857f-606a18e23c3a","AccessRelationship","","","46416b34-95e9-4757-9c59-ca9f291ea39b","38286a5b-3029-498a-a90a-646f16bc12cd",""
"ae0055a6-4a37-45a9-b22f-7b90bd5d0c85","AccessRelationship","","","dd630d51-558b-4ccc-9091-5f0822ff4d02","678b853d-fe24-452c-9713-6a662900b891",""
"ae72ed51-3b5e-4611-bcf4-5f14c854cf2c","AccessRelationship","","","741b5780-1beb-4cea-b0a4-d70f0f050601","e65566b5-1d74-4440-91e1-bbbffae5fd4b",""
"af94d97c-20b0-4b0f-a64b-00cb877fb817","AccessRelationship","","","9d02dcd8-dca7-42a2-9425-d2aaa7458fba","859ebfe8-9cac-4ddf-b0a6-467c488d2e31",""
"b055ab69-10b3-480b-a623-e1a4f9b85371","AccessRelationship","","","be1b5c92-0387-4725-83aa-85e146694e2c","ddfd9715-6ec8-481d-a736-b97a58cc707f",""
"b074f326-6695-4b88-85a4-20c77406175f","AccessRelationship","","","b8ac0880-99a6-478a-bf9d-ea454b055bd1","1bb0180e-ad5a-46f1-856d-5278e5dac898",""
"b08b68cb-1cd5-400d-a07f-a9645e5c5c7e","AccessRelationship","","","b8ac0880-99a6-478a-bf9d-ea454b055bd1","6fb56e3e-f6da-4bbb-99e1-4faa6a94d14d",""
"b151c615-bb4b-473c-90a0-b4384040fe68","AccessRelationship","","","7095441f-861e-4a75-a5b7-5f65c9d58466","df3d31fd-b3cb-4007-9ca1-354133b061d4",""
"b27d9637-993a-4b5d-bb44-c8f23103f390","AccessRelationship","","","258aa5cb-514c-4ab8-8cbc-494dd3f4f386","f89f49bf-42de-4314-acce-9ce2ca6f689a",""
"b314b597-31c0-495b-9bb4-6d8ff3c4ba97","AccessRelationship","","","b8ac0880-99a6-478a-bf9d-ea454b055bd1","86206312-c218-48f6-a910-da68d48fd64d",""
"b35645a5-1a70-4813-8dc5-485d7c4416ad","AccessRelationship","","","af9e0d82-de0d-4bfd-93e7-1a3253e43e8c","08bc4610-9cf0-47bf-a527-c774eb516a9c",""
"b412c574-68a3-4085-9ae3-e99c27ebb941","AccessRelationship","","","eea96f65-e8bc-4243-a394-f617cfb27253","afb7c77d-c10b-4b69-86f1-960906ca1ca4",""
"b4d6f9a3-d050-49c3-90d7-8023e909cbbd","AccessRelationship","","","b8ac0880-99a6-478a-bf9d-ea454b055bd1","55048d29-e11e-494c-91f3-d67b148ee310",""
"b5819711-4148-4720-955c-efdccb7e6347","AccessRelationship","","","741b5780-1beb-4cea-b0a4-d70f0f050601","b0338605-ba64-4de6-bebc-1b291cfce6ed",""
"b6267e56-8004-44cc-8e58-4249881df115","AccessRelationship","","","7747cee8-f983-4c1f-a0ee-fd35ab346e5d","c6af653a-cd59-4bd5-967d-0f788c23a91b",""
"b65f26f3-6f02-47f2-84e9-4a6299820373","AccessRelationship","","","dd630d51-558b-4ccc-9091-5f0822ff4d02","b6edf327-79de-4fbf-b594-ddaad1046ab9",""
"b6609c80-51d1-424e-88af-0060f6f68a65","AccessRelationship","","","d489ff5e-6c55-4351-bc61-5d2f7ff52e54","c6c91975-41d7-471d-bf9c-5ac52a966d7f",""
"b7981598-3cef-4c01-87f5-5d53012bb9e2","AccessRelationship","","","13e19b84-beca-474c-8ab9-9d006c72bffb","ae9e97db-6908-46ee-8bde-facbabbfcb40",""
"b79984a2-edae-419e-928a-51fc5a5a4eff","AccessRelationship","","","dd630d51-558b-4ccc-9091-5f0822ff4d02","834d6492-c8e0-49c6-b694-9617d19b3615",""
"b811dea0-77a8-433a-ae94-c86a35f61d66","AccessRelationship","","","029eec0c-36b5-42e0-8bed-96cd6d7182c4","556efe37-961e-4bb2-aacc-5e3cffc946dd",""
"b906b992-2125-474b-b6d2-1eb7937ccec5","AccessRelationship","","","741b5780-1beb-4cea-b0a4-d70f0f050601","e3948655-b140-409e-ae79-bafb235f620c",""
"babb8cec-bb78-49c7-b62c-36ac260212a7","AccessRelationship","","","029eec0c-36b5-42e0-8bed-96cd6d7182c4","ea62060e-6178-4c22-acfe-b525988686af",""
"bafb202e-acf6-42d0-8533-0e47649e8064","AccessRelationship","","","9d02dcd8-dca7-42a2-9425-d2aaa7458fba","4860503a-4479-4933-b14b-748234c84fcb",""
"bba5c7d4-a61b-4ff1-9dc0-fe3098e8a55d","AccessRelationship","","","7095441f-861e-4a75-a5b7-5f65c9d58466","da9d42fb-c94a-4db4-95b8-50457cdb81e4",""
"bcdfcbab-2e37-4869-bd89-d7c0dddf88ca","AccessRelationship","","","b8ac0880-99a6-478a-bf9d-ea454b055bd1","ca733799-24ee-457f-9a7a-8ea0e5fc83e6",""
"bd78ecf9-1c8b-4c4c-b6fc-b17006aee7cf","AccessRelationship","","","dd630d51-558b-4ccc-9091-5f0822ff4d02","c6c91975-41d7-471d-bf9c-5ac52a966d7f",""
"bf5a65ae-7f1b-488f-86c3-44a5db0fd533","AccessRelationship","","","6fab2289-0d98-43f7-98e5-516aa0e46709","382d586f-0efe-4502-92e4-3cd7fe1a5de4",""
"c00bd244-8c85-4b44-b21a-10a913664c79","AccessRelationship","","","029eec0c-36b5-42e0-8bed-96cd6d7182c4","e11ffa3b-e954-4c66-8085-4428032b5b0d",""
"c0a0af20-11ab-426c-a1ba-9790933461f3","AccessRelationship","","","1f4dc672-97ff-4f00-8b2b-20e42d40daa5","17d08260-28d0-4381-a1bf-31ea252d918d",""
"c0cf633b-9744-43ae-ad34-a6ef0e910f7d","AccessRelationship","","","029eec0c-36b5-42e0-8bed-96cd6d7182c4","b0a4a060-da04-41ff-9ad8-3cf42a2d42fd",""
"c13a6973-bf5b-438d-a8a3-c5d0117f9799","AccessRelationship","","","b8ac0880-99a6-478a-bf9d-ea454b055bd1","8e3bb868-87cc-4d20-9d14-bd64fd535499",""
"c2046066-18d5-44e4-ba19-af9baf7d5dbc","AccessRelationship","","","13e19b84-beca-474c-8ab9-9d006c72bffb","f29abe8e-f911-46ed-b247-6eb48dbf0ba5",""
"c2461c7f-49ad-454d-b81c-886a33406fd5","AccessRelationship","","","992bbd31-9b6a-4185-96a4-2f9aba857ac1","ad05cc86-13fa-46e3-b623-aa6280ac9f32",""
"c2487c1a-e9f5-4777-9c76-43434d009f1b","AccessRelationship","","","d25855a7-e8a3-4aa1-9801-7adcd555a4e8","6c9e0231-450d-4afd-8eb1-bc266f39177f",""
"c25f82e9-438d-46bd-ab49-a263caf5d875","AccessRelationship","","","7747cee8-f983-4c1f-a0ee-fd35ab346e5d","9e1e1d8d-846b-4752-b0fa-d48b7ab56ce0",""
"c29d5814-d27c-404c-97fc-e3eb58536e15","AccessRelationship","","","def60c92-d482-4f16-97a9-405f63db813a","b0b3a97a-2946-4614-8aad-808ded847df3",""
"c2c438ff-3dc6-40fa-b9d6-268ee90cdf7c","AccessRelationship","","","029eec0c-36b5-42e0-8bed-96cd6d7182c4","8263d114-293a-4a4a-9749-39454d4065d8",""
"c2dd230e-cfe8-428e-8a3d-bbf25cf99e2f","AccessRelationship","","","b8ac0880-99a6-478a-bf9d-ea454b055bd1","81b48bbc-5163-41b5-986d-f79cec1f99f8",""
"c4159080-28f7-4a3e-bcda-157ad3672496","AccessRelationship","","","13e19b84-beca-474c-8ab9-9d006c72bffb","3732c347-4472-4907-95f8-036c7e5354a1",""
"c4570fe5-b915-42eb-b5e9-a244fb7ebbb5","AccessRelationship","","","13e19b84-beca-474c-8ab9-9d006c72bffb","c6af653a-cd59-4bd5-967d-0f788c23a91b",""
"c4745f0e-cb6a-4c30-a0d1-a184a54993d3","AccessRelationship","","","dd630d51-558b-4ccc-9091-5f0822ff4d02","c260cd18-3810-490b-a6ba-afd78fa2e9fc",""
"c514ac30-03f0-44f2-8b37-472065e6d5c3","AccessRelationship","","","6fab2289-0d98-43f7-98e5-516aa0e46709","3d57ada4-027b-4e74-9786-e6abeb6a2dfd",""
"c5ea9700-4050-48c1-8612-ac751ca03a51","AccessRelationship","","","6fab2289-0d98-43f7-98e5-516aa0e46709","1c910a7a-d6fb-41bf-a55c-a3ae98ba3a1c",""
"c78b52de-48d8-47ff-8a70-5add057d840c","AccessRelationship","","","992bbd31-9b6a-4185-96a4-2f9aba857ac1","06619237-98c0-49d5-8134-08b7400eafc3",""
"c854f7b5-734e-44f2-9ea2-30bf10060b64","AccessRelationship","","","9d02dcd8-dca7-42a2-9425-d2aaa7458fba","6d9f7dee-dfa8-4b73-99f6-93f5a5ca73c5",""
"c90400e9-3a91-4e7d-8d0b-06ff4a3af83d","AccessRelationship","","","992bbd31-9b6a-4185-96a4-2f9aba857ac1","3793befa-68b0-41d4-be75-b1ccb189f430",""
"c9d81381-99df-4647-84b0-a663e25dc035","AccessRelationship","","","67584c24-782b-4a6e-a73e-1302dd306ed1","1d2251e0-5b01-4f1d-8977-aa94784fc444",""
"cbf7bcf8-c308-4ebf-bee8-9396a5d986bf","AccessRelationship","","","eea96f65-e8bc-4243-a394-f617cfb27253","a2651f57-5803-4a88-a6bf-fa1bb13958c7",""
"cc0fddf9-6274-4b96-ab4b-1f076edeadf6","AccessRelationship","","","7095441f-861e-4a75-a5b7-5f65c9d58466","9721fa66-8382-49c8-abee-486d08ca2d8d",""
"cc83c97c-d979-4448-bd37-1f0e54f3fd0a","AccessRelationship","","","f7d4f910-6275-49bd-98aa-f81c73f3925b","ea42b17f-bb35-41c5-ad4b-694c45ea69ec",""
"cd090096-5bcb-48fb-badf-ac2b4672608f","AccessRelationship","","","13e19b84-beca-474c-8ab9-9d006c72bffb","6d9f7dee-dfa8-4b73-99f6-93f5a5ca73c5",""
"cd150c77-afb5-4ab3-ac43-c2a1eb081358","AccessRelationship","","","029eec0c-36b5-42e0-8bed-96cd6d7182c4","da9d42fb-c94a-4db4-95b8-50457cdb81e4",""
"cd5baac5-f643-4e3d-9adc-fcb761826505","AccessRelationship","","","491183c1-dd93-428b-a1aa-e8ba4bd51c57","6f68b4bb-aa7d-43ae-9a7c-fd4610cd7cfd",""
"cd7c8111-e5bd-4eb1-b898-63c78c06d0e9","AccessRelationship","","","13e19b84-beca-474c-8ab9-9d006c72bffb","9e1e1d8d-846b-4752-b0fa-d48b7ab56ce0",""
"cee0bee3-93e4-46a3-a91b-9c9f5d5ef68f","AccessRelationship","","","491183c1-dd93-428b-a1aa-e8ba4bd51c57","65414be5-43e5-47c0-97eb-901cbc4d3fca",""
"cef868fa-6be9-4da8-bfb8-83387000e8a1","AccessRelationship","","","b8ac0880-99a6-478a-bf9d-ea454b055bd1","a86aa7d9-f171-4c06-b536-a497058f4ce5",""
"cf01ec6f-20af-417b-bbb6-0cdd6b5a8c79","AccessRelationship","","","7747cee8-f983-4c1f-a0ee-fd35ab346e5d","dc79d9f2-b1ed-4277-9ec6-f0048c4c3921",""
"cf85196c-f985-45b5-b5b1-e89dc810988d","AccessRelationship","","","029eec0c-36b5-42e0-8bed-96cd6d7182c4","1c910a7a-d6fb-41bf-a55c-a3ae98ba3a1c",""
"d162cd02-2d80-4311-a32c-9c9bf5da335d","AccessRelationship","","","029eec0c-36b5-42e0-8bed-96cd6d7182c4","00414204-af8c-4af7-8cde-cd1acd96c3e9",""
"d172df74-f999-4815-befa-bdb9fb83d557","AccessRelationship","","","d25855a7-e8a3-4aa1-9801-7adcd555a4e8","e22f055a-9433-4ee7-ae89-ecf17e132e79",""
"d1dbee9b-ecce-4a55-957c-1643a230b860","AccessRelationship","","","9d02dcd8-dca7-42a2-9425-d2aaa7458fba","07a23880-408c-47ef-b046-c9e84dcdb9d2",""
"d289fbb5-869e-4d4e-9775-4cf323becc7f","AccessRelationship","","","13e19b84-beca-474c-8ab9-9d006c72bffb","08bc4610-9cf0-47bf-a527-c774eb516a9c",""
"d296afad-60cc-4c2a-b266-309401845949","AccessRelationship","","","7747cee8-f983-4c1f-a0ee-fd35ab346e5d","08bc4610-9cf0-47bf-a527-c774eb516a9c",""
"d2c6c673-c3fb-4ed8-afc1-37e912621a4a","AccessRelationship","","","b8ac0880-99a6-478a-bf9d-ea454b055bd1","c260cd18-3810-490b-a6ba-afd78fa2e9fc",""
"d33bded6-663d-414e-b378-514d8fc38eeb","AccessRelationship","","","def60c92-d482-4f16-97a9-405f63db813a","00c40702-c455-4cc7-b4e7-7e7ff622ac25",""
"d37852f1-7d54-4656-be9b-456a04290fc2","AccessRelationship","","","992bbd31-9b6a-4185-96a4-2f9aba857ac1","e3948655-b140-409e-ae79-bafb235f620c",""
"d459f65b-c4f9-470b-b959-1a3376d62ca9","AccessRelationship","","","def60c92-d482-4f16-97a9-405f63db813a","933de767-80aa-44cb-b790-fa7494a11c0b",""
"d4c6e089-a19e-4f6e-8c99-c36209364f3d","AccessRelationship","","","992bbd31-9b6a-4185-96a4-2f9aba857ac1","a5c79d04-c69c-4725-8ae1-1a8c4f42da0f",""
"d5098034-9941-421c-a4f1-71fc3dc92717","AccessRelationship","","","1f4dc672-97ff-4f00-8b2b-20e42d40daa5","e65566b5-1d74-4440-91e1-bbbffae5fd4b",""
"d657210d-eb32-4518-9634-c4048110fc68","AccessRelationship","","","1f4dc672-97ff-4f00-8b2b-20e42d40daa5","81b48bbc-5163-41b5-986d-f79cec1f99f8",""
"d65cba8b-9902-4b9c-aa71-72ee0cf2d07e","AccessRelationship","","","9c83d5ef-01d7-4808-ad06-e4493fbf9cf6","a86aa7d9-f171-4c06-b536-a497058f4ce5",""
"d878be83-f44c-4513-a60c-7b5383975dab","AccessRelationship","","","46416b34-95e9-4757-9c59-ca9f291ea39b","678b853d-fe24-452c-9713-6a662900b891",""
"dab71292-7def-4947-8d1c-4458d1bbf595","AccessRelationship","","","af9e0d82-de0d-4bfd-93e7-1a3253e43e8c","ea62060e-6178-4c22-acfe-b525988686af",""
"dbb7ab90-6e78-47ae-b73c-23c8e8d698c2","AccessRelationship","","","eea96f65-e8bc-4243-a394-f617cfb27253","7148de21-091c-46e4-92a4-020b1e5f9f2f",""
"dbffbf1c-960e-4f23-85e2-d9403ea3b6c5","AccessRelationship","","","d489ff5e-6c55-4351-bc61-5d2f7ff52e54","526beb01-9add-4052-ab14-46b86ff72e87",""
"dc2ad6ba-3454-4865-b5b2-c287a7f09aec","AccessRelationship","","","def60c92-d482-4f16-97a9-405f63db813a","e22f055a-9433-4ee7-ae89-ecf17e132e79",""
"dd1cf569-fb7a-49d4-8492-3f31dcb4f62e","AccessRelationship","","","9261e84f-49e1-46f8-86ee-ed7fdb1ca83a","b0adc531-6844-4c5f-b322-0341f317d870",""
"dd6a622e-5deb-4001-8eff-48e2f5ee538a","AccessRelationship","","","b8ac0880-99a6-478a-bf9d-ea454b055bd1","d50512c9-df85-4cd8-9dd8-f7e33c4f0728",""
"dd7eb079-afc6-4a8a-be3c-3bc033ce5054","AccessRelationship","","","ff04e457-13dc-40af-aad1-e4d200062beb","0011d823-78e2-4606-9b9e-09d8b02a08d1",""
"dde592fc-0976-4666-a799-0b5a7930eec1","AccessRelationship","","","9c83d5ef-01d7-4808-ad06-e4493fbf9cf6","c8cb1658-d56d-40e6-96bf-8c2eddc6d6db",""
"de2b37c7-33cd-41d5-8b96-898e3c62d259","AccessRelationship","","","9261e84f-49e1-46f8-86ee-ed7fdb1ca83a","1ba2761b-68dd-4374-9f55-ebe7c6ffeaa7",""
"dee283c6-ebb5-4fa5-bf91-6245e6545157","AccessRelationship","","","b8ac0880-99a6-478a-bf9d-ea454b055bd1","0765321e-ec00-471a-bd73-98fc3511562f",""
"df52b917-5c60-4a9c-a218-a28626f9c8b5","AccessRelationship","","","ff04e457-13dc-40af-aad1-e4d200062beb","5576e826-2a20-4b45-9e53-90a3b69d4424",""
"dfd33552-836f-4fa2-b7f0-010304f26b3e","AccessRelationship","","","029eec0c-36b5-42e0-8bed-96cd6d7182c4","15d17abc-2d9e-4323-be4e-1d7730d99a7f",""
"e0df5b7c-0ca8-4019-95b0-6fe01c14aaf1","AccessRelationship","","","af9e0d82-de0d-4bfd-93e7-1a3253e43e8c","556efe37-961e-4bb2-aacc-5e3cffc946dd",""
"e1072fa9-05f6-47a8-8988-36cec5b38af1","AccessRelationship","","","b8ac0880-99a6-478a-bf9d-ea454b055bd1","b47ab109-68f7-4ecd-8ce6-8d45ba137a58",""
"e23cbbaa-3512-4efe-b25f-6edb925732cb","AccessRelationship","","","13e19b84-beca-474c-8ab9-9d006c72bffb","2e33736a-044f-49c2-b14c-fbcf046aefc7",""
"e3142ad8-61e8-4319-800d-f161d6445c3d","AccessRelationship","","","258aa5cb-514c-4ab8-8cbc-494dd3f4f386","dc9bf07b-fc5f-4926-acae-ed53f0264ded",""
"e350f8ab-e8dd-4a2e-8a6b-b4e1de07933a","AccessRelationship","","","9c83d5ef-01d7-4808-ad06-e4493fbf9cf6","820fbf61-c5bb-4760-a667-9b093b78a315",""
"e3edf039-2db4-40c5-8225-7436b281114b","AccessRelationship","","","9c015bfb-b80c-40de-b40d-80abe47553b6","e22f055a-9433-4ee7-ae89-ecf17e132e79",""
"e4760c0f-b42a-4f5e-b9e3-aeae6daa06bd","AccessRelationship","","","992bbd31-9b6a-4185-96a4-2f9aba857ac1","c6c91975-41d7-471d-bf9c-5ac52a966d7f",""
"e5650047-94d7-4436-a670-86cbf5027637","AccessRelationship","","","dd630d51-558b-4ccc-9091-5f0822ff4d02","e65566b5-1d74-4440-91e1-bbbffae5fd4b",""
"e5c1722e-4880-4b19-8e9a-b98d69afba62","AccessRelationship","","","f7d4f910-6275-49bd-98aa-f81c73f3925b","e65566b5-1d74-4440-91e1-bbbffae5fd4b",""
"e5cfcf13-e20c-42e3-903e-2b0825f0a166","AccessRelationship","","","af9e0d82-de0d-4bfd-93e7-1a3253e43e8c","6f15e8f1-a233-4dd3-927f-f435f72b1ced",""
"e7d8eded-b5a0-4a3c-9353-3d519f55ccaf","AccessRelationship","","","13e19b84-beca-474c-8ab9-9d006c72bffb","af0d6bc8-3445-4910-8b6c-7cb4fc988a29",""
"e85d6e19-8d3f-4b4b-8a55-e14d0a124803","AccessRelationship","","","e51ea540-dbc6-4fe6-b89a-ea4643919bd8","e22f055a-9433-4ee7-ae89-ecf17e132e79",""
"e8e24b5d-e272-4bb7-8754-f75e6510e0c4","AccessRelationship","","","67584c24-782b-4a6e-a73e-1302dd306ed1","4019f275-52cf-4237-bbde-0a90e4da1b8e",""
"e91ef86a-7ca6-4ab4-8bd2-feea581f204c","AccessRelationship","","","46416b34-95e9-4757-9c59-ca9f291ea39b","cf5748d8-90de-4c5d-9085-3f81f0d4a426",""
"e991b121-4c33-431b-b0e9-60823d07a9cb","AccessRelationship","","","def60c92-d482-4f16-97a9-405f63db813a","08d48b33-781f-4f5c-b86b-a03f094021da",""
"e9b33eab-d805-4b2c-88d2-dd6800e17488","AccessRelationship","","","67584c24-782b-4a6e-a73e-1302dd306ed1","48c659a3-03a7-4bd3-9f1e-b5926eb3ce40",""
"ea590795-150c-48d3-837d-c9403b67788e","AccessRelationship","","","d489ff5e-6c55-4351-bc61-5d2f7ff52e54","9f891887-b6a0-4b65-93d4-a6e461a06cfc",""
"eb610bb7-ceba-4b24-998c-ef9207192fc5","AccessRelationship","","","9d02dcd8-dca7-42a2-9425-d2aaa7458fba","eec355d4-31d2-4c91-baf6-cfd736680964",""
"ed217fd1-0874-4394-9404-a02c98f2b6c3","AccessRelationship","","","1f4dc672-97ff-4f00-8b2b-20e42d40daa5","0cacddaa-22ba-4b56-8ed7-40e66f369c1d",""
"ed7482cc-c070-4d82-b700-d1db1aec261a","AccessRelationship","","","dd630d51-558b-4ccc-9091-5f0822ff4d02","d7c82732-b133-4ca7-967a-98aa0a8fb295",""
"ee70e43b-1415-4e1f-8e1a-3eaeee0a51dd","AccessRelationship","","","f7d4f910-6275-49bd-98aa-f81c73f3925b","011ac849-daf2-4042-825a-0cbfd4485c37",""
"ee904630-8b74-4dac-9fd5-50d4ae544769","AccessRelationship","","","f7d4f910-6275-49bd-98aa-f81c73f3925b","0cacddaa-22ba-4b56-8ed7-40e66f369c1d",""
"effb30f4-5daf-4a47-97df-d9e5d9bedec4","AccessRelationship","","","491183c1-dd93-428b-a1aa-e8ba4bd51c57","f68f2ec1-2ad4-49d7-899a-beba9d69a3d2",""
"f084748f-f129-41cf-b695-b866319f3e6b","AccessRelationship","","","b8ac0880-99a6-478a-bf9d-ea454b055bd1","9cd824a5-310f-47ca-995a-9934f027965c",""
"f1765707-200e-44f9-b949-7d0d621dcae6","AccessRelationship","","","83d72c0b-f74b-4619-9684-cf9cd7aad05d","16119af6-d790-4d4a-a461-db9ee60ec2c5",""
"f1d8578b-91f4-4909-ad90-07642b366aff","AccessRelationship","","","d489ff5e-6c55-4351-bc61-5d2f7ff52e54","b9278f5f-b7c8-4d19-b87a-e97ea60d54bb",""
"f25af760-29f6-46ec-9f98-b55237910318","AccessRelationship","","","dd630d51-558b-4ccc-9091-5f0822ff4d02","86206312-c218-48f6-a910-da68d48fd64d",""
"f25cf84c-c233-4d59-97b8-ffd298ac84ba","AccessRelationship","","","f7d4f910-6275-49bd-98aa-f81c73f3925b","4860503a-4479-4933-b14b-748234c84fcb",""
"f25fa796-cac5-4300-b475-7b115b90689e","AccessRelationship","","","67584c24-782b-4a6e-a73e-1302dd306ed1","45172d32-3338-4a09-b459-79cea3958061",""
"f2b48e66-c9b0-46d1-b6ed-c251fd2d0b65","AccessRelationship","","","9d02dcd8-dca7-42a2-9425-d2aaa7458fba","3793befa-68b0-41d4-be75-b1ccb189f430",""
"f3273956-13d4-4bdf-a559-6015d660c496","AccessRelationship","","","13e0bed5-2e8c-4178-a392-b9b7080c92d6","866fef9b-4d82-4c78-b499-02dc132acc56",""
"f3ec60a6-f517-4f94-ab13-f29582bde61b","AccessRelationship","","","67584c24-782b-4a6e-a73e-1302dd306ed1","94653c00-8945-4111-988a-f9239f1d7e81",""
"f42c7c89-e716-4380-9595-e10111ee8e75","AccessRelationship","","","af9e0d82-de0d-4bfd-93e7-1a3253e43e8c","b0b3a97a-2946-4614-8aad-808ded847df3",""
"f4b79ab2-414f-4dcd-9860-5487aa29077b","AccessRelationship","","","f7d4f910-6275-49bd-98aa-f81c73f3925b","c6c91975-41d7-471d-bf9c-5ac52a966d7f",""
"f6f06d37-7119-4e11-8b30-44dc84141ae9","AccessRelationship","","","af9e0d82-de0d-4bfd-93e7-1a3253e43e8c","8929a81b-b9ae-46fc-a916-c495b55d74f2",""
"f75bdc05-da03-4a71-913f-a5647345a8ec","AccessRelationship","","","13e0bed5-2e8c-4178-a392-b9b7080c92d6","bb4b72cd-cd24-43ea-904e-c01694bc7e86",""
"f79c3fff-78c7-4011-9a1a-22bca78cb9cf","AccessRelationship","","","029eec0c-36b5-42e0-8bed-96cd6d7182c4","8cdf596f-6d9a-48fd-9072-27a704886887",""
"f824697d-c7a2-4f64-8fd7-4543821b94ed","AccessRelationship","","","741b5780-1beb-4cea-b0a4-d70f0f050601","9b21ff96-8373-451a-8c8c-cc5367fcfca0",""
"f86ebe65-e744-4ab9-9a2e-12a243f681f0","AccessRelationship","","","9d02dcd8-dca7-42a2-9425-d2aaa7458fba","6c559e26-5e07-427b-84ee-ab438312caf5",""
"f945ef58-859a-4aec-bd25-00982473ee06","AccessRelationship","","","b8ac0880-99a6-478a-bf9d-ea454b055bd1","f68f2ec1-2ad4-49d7-899a-beba9d69a3d2",""
"f94eb174-b7ca-4a24-b0c1-7542f603543f","AccessRelationship","","","13e0bed5-2e8c-4178-a392-b9b7080c92d6","ebd0e90c-ec92-4125-a1ac-3f1b8cd278d7",""
"fbcfd08c-5855-47e4-b6bd-36e02e7aa17d","AccessRelationship","","","491183c1-dd93-428b-a1aa-e8ba4bd51c57","c260cd18-3810-490b-a6ba-afd78fa2e9fc",""
"fc300684-8b72-4f40-a1b9-7f5173cf66e9","AccessRelationship","","","67584c24-782b-4a6e-a73e-1302dd306ed1","fe3d161f-cb72-4afa-8230-f974adfcc42c",""
"fd8a7614-3510-4c38-9bc2-f09071e019b3","AccessRelationship","","","83d72c0b-f74b-4619-9684-cf9cd7aad05d","866fef9b-4d82-4c78-b499-02dc132acc56",""
"fedb40c0-24d9-4c62-876d-92c02166e3c8","AccessRelationship","","","9d02dcd8-dca7-42a2-9425-d2aaa7458fba","67b72b13-0ac1-42aa-9bc4-23ff8846867c",""
"ff42b3ac-504c-4ef6-9e94-c2b196aeff13","AccessRelationship","","","be1b5c92-0387-4725-83aa-85e146694e2c","e11ffa3b-e954-4c66-8085-4428032b5b0d",""
"id-ad283f8843bb44c6850f1c4278600857","AccessRelationship","","","13e19b84-beca-474c-8ab9-9d006c72bffb","13069d0f-ac8f-4933-a9a5-00bed405832d",""
"05e3247b-1abd-43ee-8289-6178d2708cdf","CompositionRelationship","","","9261e84f-49e1-46f8-86ee-ed7fdb1ca83a","373cfb10-d3f9-41aa-afbd-d36c93511c14",""
"065e8c70-f1d5-4289-9569-80c56298da61","CompositionRelationship","","","7747cee8-f983-4c1f-a0ee-fd35ab346e5d","b6d9f173-3056-44d2-ba0e-828ac87e9698",""
"08469044-d5b8-4ae2-a902-43466b4299d6","CompositionRelationship","","","992bbd31-9b6a-4185-96a4-2f9aba857ac1","54306410-bc43-43a4-82b8-7f9b332abfa3",""
"0928705a-bb3e-456f-8374-8f66edd285df","CompositionRelationship","","","83d72c0b-f74b-4619-9684-cf9cd7aad05d","01b77e2e-1050-4a30-b756-4f5e154ebf74",""
"0bf6ba47-e3b1-4f38-80b3-91f402a510ed","CompositionRelationship","","","7095441f-861e-4a75-a5b7-5f65c9d58466","bf23c7f3-a5e5-4e6e-a519-dd28bb35e166",""
"0c58b94a-795d-4af4-be6d-250ba909db65","CompositionRelationship","","","13e0bed5-2e8c-4178-a392-b9b7080c92d6","2b40296a-e4e3-4570-b934-68fdb7ce5d0f",""
"0e97f336-1d3e-46dc-8252-4f951c883055","CompositionRelationship","","","13e19b84-beca-474c-8ab9-9d006c72bffb","a109331c-2a05-4056-b13a-785979db6424",""
"0efe705d-5222-4ced-9c96-bf43002f031e","CompositionRelationship","","","f7d4f910-6275-49bd-98aa-f81c73f3925b","df6bd85d-05cb-4d90-ba1f-b968dd8abd0c",""
"10e565f7-be95-4f72-87ef-b6496b65b40c","CompositionRelationship","","","af9e0d82-de0d-4bfd-93e7-1a3253e43e8c","070377d9-2b40-403c-8958-d2d56a210029",""
"1595629d-110f-4a42-84e2-8dd4ed6e621b","CompositionRelationship","","","491183c1-dd93-428b-a1aa-e8ba4bd51c57","dc73650c-61a1-4761-afc8-95d38de90e07",""
"1617ac17-4d3f-4152-a911-ca4d36a71816","CompositionRelationship","","","1f4dc672-97ff-4f00-8b2b-20e42d40daa5","ca9a2eff-0a4f-4cb9-b441-792afe58029c",""
"17843a8b-2126-4cf3-b98e-8ba043c2df83","CompositionRelationship","","","b8ac0880-99a6-478a-bf9d-ea454b055bd1","122a67ac-e253-4c6f-8195-882edb677ec3",""
"1a7138ec-9daf-4d12-8c84-e5f21071a275","CompositionRelationship","","","9261e84f-49e1-46f8-86ee-ed7fdb1ca83a","96aa7901-6a00-474c-802d-dd43c4f6203f",""
"1abe8b98-4eed-4534-a205-effec8b3bd0d","CompositionRelationship","","","e51ea540-dbc6-4fe6-b89a-ea4643919bd8","c21e50a0-63d3-4a00-9e77-a455585e2810",""
"1b533d0b-d8b6-4ce6-a000-b75b05bada97","CompositionRelationship","","","b8ac0880-99a6-478a-bf9d-ea454b055bd1","291ee39d-c5d6-4c7d-90f9-b03394dd3615",""
"1d21e1a4-7f75-468a-a344-1d6c86c241d4","CompositionRelationship","","","491183c1-dd93-428b-a1aa-e8ba4bd51c57","8ae7c9a0-ee05-42e7-8b75-a2848060935a",""
"1d7b30cd-ace1-481a-9e8a-826320cc1a2e","CompositionRelationship","","","af9e0d82-de0d-4bfd-93e7-1a3253e43e8c","b062f285-d23f-43d7-8b52-ee23b0532738",""
"1ed290c4-ff07-48f4-ac57-86ed8450d80a","CompositionRelationship","","","741b5780-1beb-4cea-b0a4-d70f0f050601","7354ab4d-ef9c-4859-baab-7ebbfd269587",""
"23d218c7-5254-415a-b6d0-ea1d99c32314","CompositionRelationship","","","d25855a7-e8a3-4aa1-9801-7adcd555a4e8","ded057cb-e1bf-478f-a843-c0e5b6eb9df0",""
"288aa0bc-33ca-4bf4-8dc1-cea57f2a98dd","CompositionRelationship","","","d489ff5e-6c55-4351-bc61-5d2f7ff52e54","72da9f83-f817-4477-9a7b-92ca6cf56783",""
"28fcbedb-14b2-4f35-a28d-fd62b3ac22ac","CompositionRelationship","","","eea96f65-e8bc-4243-a394-f617cfb27253","ab7a7487-78d5-4d45-9bf0-74bb1b0355ce",""
"3000e78c-78f5-47b9-a0a0-d4e686143d66","CompositionRelationship","","","491183c1-dd93-428b-a1aa-e8ba4bd51c57","9408bc6c-2238-4edc-9af8-a6281da7fb53",""
"303b77f9-c915-4b89-bd69-4499626b3952","CompositionRelationship","","","ff04e457-13dc-40af-aad1-e4d200062beb","fb5daa60-be78-4f66-918f-9518e0fca3aa",""
"352bce2d-d7c6-4414-bf79-189dbea3ee7c","CompositionRelationship","","","491183c1-dd93-428b-a1aa-e8ba4bd51c57","674ea294-b50e-4d42-8d07-194ba280c702",""
"371ee03d-9e58-46cb-8986-a2785cf45c9d","CompositionRelationship","","","83d72c0b-f74b-4619-9684-cf9cd7aad05d","5317a75a-9c30-4ab6-a081-82032c592cfb",""
"3919cc6e-7a6c-4197-a25a-bdce7e366a65","CompositionRelationship","","","d489ff5e-6c55-4351-bc61-5d2f7ff52e54","e7dd065c-c63f-4fcd-8f8a-3bf3c8bde507",""
"39627916-bdfc-4342-8f9a-1df6c2ce93b4","CompositionRelationship","","","67584c24-782b-4a6e-a73e-1302dd306ed1","6ab50a85-4cb5-4e4e-bfc0-3d850d1fecf2",""
"3d5a022b-6cc2-4808-af99-6d4f9a24013d","CompositionRelationship","","","9c83d5ef-01d7-4808-ad06-e4493fbf9cf6","95e24d56-5a9c-4615-9ee2-ed55ae7e48d7",""
"3e300711-e97d-40df-a192-6ab748f15288","CompositionRelationship","","","992bbd31-9b6a-4185-96a4-2f9aba857ac1","457d14be-dfdf-4570-8f54-c43d2c806e90",""
"40cabc29-cac5-4346-a7c5-a3db0d28eb93","CompositionRelationship","","","13e19b84-beca-474c-8ab9-9d006c72bffb","c44d632c-fa37-494d-a1d3-f7fbbca39c66",""
"41085a85-13b5-4fe1-ac02-760cbb653736","CompositionRelationship","","","83d72c0b-f74b-4619-9684-cf9cd7aad05d","1f01526c-a675-427d-8574-38e48f287ea4",""
"4428045d-3e74-4483-b469-b4ac6920beff","CompositionRelationship","","","67584c24-782b-4a6e-a73e-1302dd306ed1","2ba9055a-4928-4157-814c-8eb9d8a2d518",""
"44ec813e-fad4-48c9-b09b-504b7120e03b","CompositionRelationship","","","029eec0c-36b5-42e0-8bed-96cd6d7182c4","c827462c-1738-4f39-9a31-bcc01628d2ad",""
"45f01bdb-8426-41b7-9309-60f5b30ebdf1","CompositionRelationship","","","6fab2289-0d98-43f7-98e5-516aa0e46709","0389cbc5-c27b-46fd-b988-7a0dc21e3533",""
"48214077-00a1-45b5-93b4-1f858a273611","CompositionRelationship","","","1f4dc672-97ff-4f00-8b2b-20e42d40daa5","dff8f430-21e1-4a44-abeb-6eac8020783f",""
"496acdfd-ff2e-485b-98d3-f5196133ef83","CompositionRelationship","","","13e19b84-beca-474c-8ab9-9d006c72bffb","4b5db2e9-f33a-4fd9-beee-afb5f9c3c457",""
"4cddd75e-7d1b-4249-a2bb-d1a340de704a","CompositionRelationship","","","741b5780-1beb-4cea-b0a4-d70f0f050601","6384bfa3-50d5-40e1-bdfa-d47841ca44b5",""
"4da4ec53-d980-4743-a1b3-2613b0df283b","CompositionRelationship","","","b8ac0880-99a6-478a-bf9d-ea454b055bd1","a8da4f0b-7107-4cba-ba2e-4dfeafaea056",""
"508bcb9e-5ee1-4a74-b68b-7263dd90734a","CompositionRelationship","","","83d72c0b-f74b-4619-9684-cf9cd7aad05d","8e56b02a-3a02-4b7b-8779-d91ddbfe5476",""
"5135345e-a0be-43e6-9d11-0f3b5a1281ec","CompositionRelationship","","","aa6772e6-4886-4a54-9a91-5ec034fe941d","e6aa30dd-2354-4dc4-83ae-7c5e8bab938c",""
"5298837a-a3ac-4cc5-bd7a-d52b0fc768c2","CompositionRelationship","","","741b5780-1beb-4cea-b0a4-d70f0f050601","0c3e42bb-5a0d-4cc0-a2c1-94bd571572f1",""
"57525e42-33ad-45ee-a099-9ac770418c9c","CompositionRelationship","","","46416b34-95e9-4757-9c59-ca9f291ea39b","0cc327c0-35aa-4fae-920c-469880bba0f3",""
"59d527ae-4128-40b2-a6d2-9f009f23633d","CompositionRelationship","","","9d02dcd8-dca7-42a2-9425-d2aaa7458fba","def1c566-4dde-4e28-ab21-339097dc558d",""
"5a0ea658-90f9-47df-ac57-fb1965b83b11","CompositionRelationship","","","eea96f65-e8bc-4243-a394-f617cfb27253","84526ecb-a390-4612-97ac-344f067d3332",""
"5a36a61a-b8b6-4856-a5ef-dc23b25ffd91","CompositionRelationship","","","1f4dc672-97ff-4f00-8b2b-20e42d40daa5","87614e7a-a7e3-4e4c-bf95-1547b015ffc8",""
"6050cb91-05d7-48aa-aceb-37c2a341612d","CompositionRelationship","","","9c83d5ef-01d7-4808-ad06-e4493fbf9cf6","8361ac6e-3163-419d-b7ce-2bc52aeaa95f",""
"6451d84a-725d-4e2e-a051-d81c86a29964","CompositionRelationship","","","aa6772e6-4886-4a54-9a91-5ec034fe941d","f71a2fcb-318b-402f-9c95-f812ee9f4677",""
"69c56194-0b42-4248-a685-618e258ed66a","CompositionRelationship","","","dd630d51-558b-4ccc-9091-5f0822ff4d02","31c77dad-2e23-4880-85d0-c340748a0f8e",""
"6bcf3fd6-5ec1-4dd9-9716-5310e8014e7b","CompositionRelationship","","","aa6772e6-4886-4a54-9a91-5ec034fe941d","8163fc24-4f67-4265-acd9-d476aacccb41",""
"72baf7a1-aac8-4d29-9606-272ecaaaea90","CompositionRelationship","","","eea96f65-e8bc-4243-a394-f617cfb27253","69c34a33-1508-46fb-8a9d-9f1257a69d2c",""
"72c1c461-a73e-498b-9661-fad8839a4794","CompositionRelationship","","","6fab2289-0d98-43f7-98e5-516aa0e46709","9be54015-4efa-4003-a9cd-4fc4117bddbf",""
"754757d9-85d5-47db-984c-ec42ddb8b225","CompositionRelationship","","","7747cee8-f983-4c1f-a0ee-fd35ab346e5d","8b5c7aa1-8e75-4ed7-9bbf-3ea14e65ea23",""
"7a87baca-d99d-4e71-94f7-0cbee2fb11e4","CompositionRelationship","","","7095441f-861e-4a75-a5b7-5f65c9d58466","4652fe49-5b72-4981-bb0b-a41860a8b99a",""
"82004ee9-36ba-4e61-b9d7-88042f815b08","CompositionRelationship","","","aa6772e6-4886-4a54-9a91-5ec034fe941d","166d7165-2cba-42c3-9596-3dcf62089ff1",""
"868c96bb-04cd-4067-b5af-7bf2e6d6017c","CompositionRelationship","","","eea96f65-e8bc-4243-a394-f617cfb27253","db04b580-bcd0-46ac-8a21-1af8cf995847",""
"892bc6ff-13f3-4e17-814f-81e2aa96a7df","CompositionRelationship","","","13e19b84-beca-474c-8ab9-9d006c72bffb","de4548fd-b8ed-4b09-8630-4f2e243b77c4",""
"895b6201-d17c-41a6-82de-53e7a73f4f84","CompositionRelationship","","","f7d4f910-6275-49bd-98aa-f81c73f3925b","324dfe0d-6f48-43a4-961b-ed5f94c32122",""
"8acd5443-7a0e-40f4-8444-554e4d854683","CompositionRelationship","","","def60c92-d482-4f16-97a9-405f63db813a","cc42acb5-d268-47a3-95f0-6b70e8a7fb90",""
"8dcbf730-6ed9-4837-a7cf-0b4a8cf177be","CompositionRelationship","","","d25855a7-e8a3-4aa1-9801-7adcd555a4e8","9f1cabf9-c5ac-40c6-8e5f-ca4168811c82",""
"94e98e49-58b5-46be-a50b-a6c64e3fe3a7","CompositionRelationship","","","029eec0c-36b5-42e0-8bed-96cd6d7182c4","b288abcb-7748-4ff8-bc1a-5484184de477",""
"950b4177-a024-461e-a055-da090fd455b0","CompositionRelationship","","","d489ff5e-6c55-4351-bc61-5d2f7ff52e54","b3e2339e-5360-4810-8678-8bb9509d3ec8",""
"957d6ba8-3598-4b11-b475-45f45f352986","CompositionRelationship","","","ff04e457-13dc-40af-aad1-e4d200062beb","2f36986c-1614-45ca-89c5-72fcff853e0b",""
"9a0b11bd-3ff4-4409-9291-6efad5869b83","CompositionRelationship","","","46416b34-95e9-4757-9c59-ca9f291ea39b","486b1247-30cc-4bc7-b6fe-ed4de602c811",""
"9a42d520-b48e-47e8-b64b-e12b2768a4cc","CompositionRelationship","","","aa6772e6-4886-4a54-9a91-5ec034fe941d","e87fe7c8-b199-4bff-a4db-4743991f977b",""
"9b7e61c0-f766-4704-8ecb-d87195f82736","CompositionRelationship","","","83d72c0b-f74b-4619-9684-cf9cd7aad05d","32a0644c-ea0f-4d6a-8336-eeab662d7a60",""
"9c3a5963-f053-42dd-947b-99db6066d1c7","CompositionRelationship","","","258aa5cb-514c-4ab8-8cbc-494dd3f4f386","1775df04-3e4e-4bd1-8df8-9dc820b2e90b",""
"9e1c712b-7ede-4273-a670-0f7b3dd82853","CompositionRelationship","","","e51ea540-dbc6-4fe6-b89a-ea4643919bd8","98bd9a06-4c77-496e-8deb-7e44fea65c12",""
"9e6f521b-1e7d-481f-bed7-2fcedfca0006","CompositionRelationship","","","9c83d5ef-01d7-4808-ad06-e4493fbf9cf6","03c991c0-e97c-4aa8-8f76-c4b3236a1315",""
"a4aef7a9-b072-47a2-acd9-eb961a7ee7c7","CompositionRelationship","","","e51ea540-dbc6-4fe6-b89a-ea4643919bd8","7c00c1de-72bc-45f4-ae7d-6156a0dca1b8",""
"a54665d6-ab65-4193-8bd1-072effda7b59","CompositionRelationship","","","7747cee8-f983-4c1f-a0ee-fd35ab346e5d","e9e458be-eab7-4a55-888d-b0de5fdef740",""
"ab72f9cf-6fcc-4712-9612-0ba5d87251ab","CompositionRelationship","","","46416b34-95e9-4757-9c59-ca9f291ea39b","ef957f5f-38df-4d1e-9fe2-1d0c63139bfb",""
"adedeb05-bfb1-4514-84ee-207ddb8185f8","CompositionRelationship","","","dd630d51-558b-4ccc-9091-5f0822ff4d02","77688b37-d752-4db2-8229-6e2d67702596",""
"b36fa7a7-cb54-4391-ad4f-626f819ee84e","CompositionRelationship","","","e51ea540-dbc6-4fe6-b89a-ea4643919bd8","171dcbc7-ce35-4191-8577-8e6eb90fcbfc",""
"b4a611c8-9fa9-400e-a123-c6daef53bca2","CompositionRelationship","","","af9e0d82-de0d-4bfd-93e7-1a3253e43e8c","8c08a084-cffb-470f-879f-0b8fb6772edc",""
"b63529be-88d2-49a8-8d38-82118c1853ef","CompositionRelationship","","","def60c92-d482-4f16-97a9-405f63db813a","9e146a93-dd95-4b56-8915-40371fde9b91",""
"bd5a3831-3e98-47b3-bf54-9fa6f5afffe1","CompositionRelationship","","","992bbd31-9b6a-4185-96a4-2f9aba857ac1","bf0bb9e9-9cf5-47b3-91a9-35ffdcb1e989",""
"be6dd5b4-d73a-4107-95a7-76dd6ead39dc","CompositionRelationship","","","13e0bed5-2e8c-4178-a392-b9b7080c92d6","746beea3-560d-4c78-b187-91300cc4d16d",""
"bf339fa9-64fc-41cb-9741-00518298441b","CompositionRelationship","","","d25855a7-e8a3-4aa1-9801-7adcd555a4e8","c9f996ca-6348-4aef-ac13-ec2cae88a3be",""
"c101ab88-0445-4f4f-948e-32083ec75044","CompositionRelationship","","","67584c24-782b-4a6e-a73e-1302dd306ed1","fb3a082c-4a52-41b6-acc8-b8cf27d858f6",""
"c2e065ea-9f49-423f-aeca-318cfa778fd7","CompositionRelationship","","","9c83d5ef-01d7-4808-ad06-e4493fbf9cf6","6f7b6ead-08fb-4e30-be78-921b38956230",""
"c4701a97-aa05-46a8-90ad-b9a0f7e3d143","CompositionRelationship","","","491183c1-dd93-428b-a1aa-e8ba4bd51c57","0c81e20b-9aba-4510-8d70-be0e70f652dc",""
"c54229d8-6776-45ba-b3e2-96b019e3738b","CompositionRelationship","","","7095441f-861e-4a75-a5b7-5f65c9d58466","720f998b-5bb2-4bf7-8eb0-32ad8bc72f4d",""
"c801b851-39e8-4aed-82b3-f2e1522d8823","CompositionRelationship","","","eea96f65-e8bc-4243-a394-f617cfb27253","fb59859b-a511-4ef8-aef0-3c0ca11850ab",""
"cd2d909b-cfba-49f0-a4e9-bba11020d149","CompositionRelationship","","","13e19b84-beca-474c-8ab9-9d006c72bffb","09aa1832-2f2e-4ea4-9fb6-ea02d56af2e1",""
"ce89f3d9-8e09-4bdb-86db-852b34f3549e","CompositionRelationship","","","e51ea540-dbc6-4fe6-b89a-ea4643919bd8","911e2867-f5e7-4dce-a526-697460bed17e",""
"d1b3f202-8e29-45e2-9dca-c571c2eb12b4","CompositionRelationship","","","d25855a7-e8a3-4aa1-9801-7adcd555a4e8","878e9448-08f7-484a-9077-db816bc09d0c",""
"d32ded74-498b-4513-b752-f7deb5756660","CompositionRelationship","","","258aa5cb-514c-4ab8-8cbc-494dd3f4f386","47a466ad-cd5d-47bc-ba8b-a2f6ed6eda62",""
"d82aa54b-5760-4ae8-ba67-ce774ea7f8a1","CompositionRelationship","","","f7d4f910-6275-49bd-98aa-f81c73f3925b","91a1c6cd-6a08-4132-bb1f-ab050034d91b",""
"d91d3ef9-6358-4bed-97b6-6594037fa71b","CompositionRelationship","","","491183c1-dd93-428b-a1aa-e8ba4bd51c57","910214b1-d90d-4433-bab9-267e9ca23637",""
"d9604012-9d77-4b6e-84d4-bd279cb2d250","CompositionRelationship","","","7747cee8-f983-4c1f-a0ee-fd35ab346e5d","6b072860-6ec8-434f-b602-abaf37bf44a3",""
"d9a14bbd-0fb2-4156-9f4f-8150cc9d9ccc","CompositionRelationship","","","d489ff5e-6c55-4351-bc61-5d2f7ff52e54","bf9b292e-49a0-4562-8f7f-b165cf29f7ae",""
"db6cb898-c256-42c7-b49f-8fa5d479a800","CompositionRelationship","","","ff04e457-13dc-40af-aad1-e4d200062beb","d89f0b95-52db-44f4-83db-9dfa796e24bc",""
"e0482887-6737-4dff-bde7-3b74d65a3a4e","CompositionRelationship","","","b8ac0880-99a6-478a-bf9d-ea454b055bd1","17fcc57a-a67f-455d-a79f-3129d5edf153",""
"e173d809-1630-4974-a72f-408e7d1504f8","CompositionRelationship","","","9c015bfb-b80c-40de-b40d-80abe47553b6","81e861a6-f851-420d-b956-e4852d4e0252",""
"e2645cc4-91cb-468f-9021-c9c9991edc84","CompositionRelationship","","","9d02dcd8-dca7-42a2-9425-d2aaa7458fba","24bbbb12-0f36-4260-a5d3-589e7eccc22f",""
"e2d48da7-c33e-40ae-8d27-0ad714b40b05","CompositionRelationship","","","7747cee8-f983-4c1f-a0ee-fd35ab346e5d","e0223b91-fefe-42a2-a551-f1e501a63512",""
"e2f5ac5c-241a-4adc-9d18-1f199cd66b60","CompositionRelationship","","","029eec0c-36b5-42e0-8bed-96cd6d7182c4","7c7d2a1a-15a4-49e2-94e6-adb37030597e",""
"e3776dda-41b4-418b-b94c-7c19ab2c7ef7","CompositionRelationship","","","def60c92-d482-4f16-97a9-405f63db813a","32319b84-ba68-4f41-8d7e-f82494fb9b12",""
"e675336c-635d-4b6f-8903-97d568922d86","CompositionRelationship","","","d25855a7-e8a3-4aa1-9801-7adcd555a4e8","6beb8bb6-d9f7-437c-83d4-1848fb9cb337",""
"eab4998f-756d-46e6-bd7b-314dc1c6db41","CompositionRelationship","","","eea96f65-e8bc-4243-a394-f617cfb27253","22e751bd-fe72-45ee-82fc-8082b900031b",""
"eb59b380-0b45-4451-8e12-367085ebabc7","CompositionRelationship","","","ff04e457-13dc-40af-aad1-e4d200062beb","273a7caf-eb07-4f2f-b8b4-dbaa838f4de3",""
"ebf6b672-cf31-47dd-bcd2-f2f7e84a1313","CompositionRelationship","","","13e19b84-beca-474c-8ab9-9d006c72bffb","fc6d51cc-0388-4a6e-bc15-d4d93b366fe7",""
"ed414655-3ca7-4a5d-b909-f2cb3fde24b8","CompositionRelationship","","","9261e84f-49e1-46f8-86ee-ed7fdb1ca83a","9d59a4c2-13ed-4ef0-9c38-6f411feb1468",""
"ef2af796-2f25-41f5-9e21-f0070c3a8564","CompositionRelationship","","","9c015bfb-b80c-40de-b40d-80abe47553b6","cafd526a-a29f-4fb5-8fa5-30f183586ba4",""
"ef984d47-8fd8-4c52-9ba3-d290e8b72f7b","CompositionRelationship","","","258aa5cb-514c-4ab8-8cbc-494dd3f4f386","3c093a1a-0273-4768-b1ff-7d857554e99d",""
"f0efe71d-04ad-4e8e-9724-a594ab9efab9","CompositionRelationship","","","dd630d51-558b-4ccc-9091-5f0822ff4d02","f1b0c35b-aa43-446c-ac88-bb80cf3d9531",""
"f2153530-2cbf-4817-8677-2ef021618ced","CompositionRelationship","","","be1b5c92-0387-4725-83aa-85e146694e2c","464fe660-4b41-4d65-bb4a-7b1881bafb24",""
"f5ef1d9d-869b-4daf-9307-e1bc4eed7f00","CompositionRelationship","","","be1b5c92-0387-4725-83aa-85e146694e2c","d6505e26-e32b-42d8-bead-f894bbf6ae1e",""
"f86656f7-f1dd-4a0f-944a-41ecec7361f5","CompositionRelationship","","","13e0bed5-2e8c-4178-a392-b9b7080c92d6","66e1f411-3f50-48a6-9516-7b1b2e39f824",""
"f9f02bcc-1017-4f96-984a-f27c890ce9d4","CompositionRelationship","","","9d02dcd8-dca7-42a2-9425-d2aaa7458fba","3bb6448d-87ca-495c-91c9-316be63da272",""
"fca6dd47-88df-4729-8e05-24669c59f3c1","CompositionRelationship","","","992bbd31-9b6a-4185-96a4-2f9aba857ac1","0764fd2e-e469-4b6d-8d9d-8919900ab2ab",""
"c27afaa5-3c0c-4fbd-b3cd-d5b1ad99e5d3","CompositionRelationship","","","2d727ded-5f99-4974-9298-a8e4090d3c77","473f3955-3f2d-4090-bab2-88d18bb00770",""
"b93a1aaf-1283-410f-9020-54a5986ffacc","CompositionRelationship","","","2d727ded-5f99-4974-9298-a8e4090d3c77","6b8f4302-4d0c-4198-984c-3fceea6b29ca",""
"d026aacb-3bdf-49df-bb64-79817b1c8a65","CompositionRelationship","","","2d727ded-5f99-4974-9298-a8e4090d3c77","3ddd01c4-4887-436d-be53-6f3123449aae",""
"5a1fdb92-c972-4fe7-b865-1943bd2145d5","CompositionRelationship","","","2d727ded-5f99-4974-9298-a8e4090d3c77","1676b914-b386-4251-baca-a7a1b35767ab",""
"86c1cdc8-0eae-435d-87b5-f70a3e132a69","CompositionRelationship","","","2d727ded-5f99-4974-9298-a8e4090d3c77","eec355d4-31d2-4c91-baf6-cfd736680964",""
"9ee02ddf-8d91-4081-8f45-e1acd908f30c","CompositionRelationship","","","2d727ded-5f99-4974-9298-a8e4090d3c77","e602b299-519f-48e5-a0be-777bea2bc9aa",""
"43b06123-7b3d-4eff-aad6-cf2273c5b27b","CompositionRelationship","","","2d727ded-5f99-4974-9298-a8e4090d3c77","526beb01-9add-4052-ab14-46b86ff72e87",""
"db812a54-9fee-4f98-be8a-c180e39dd9ff","CompositionRelationship","","","2d727ded-5f99-4974-9298-a8e4090d3c77","011ac849-daf2-4042-825a-0cbfd4485c37",""
"caa82680-6c5a-44a5-b5c0-f689613417f0","CompositionRelationship","","","e0ab33e6-d80a-46b2-90b9-7fc0806d30f7","bf301e45-8646-4edb-a137-b7d687ba969c",""
"40c9d764-7bf1-4a41-94e1-8c00f937c816","CompositionRelationship","","","e0ab33e6-d80a-46b2-90b9-7fc0806d30f7","19a718e8-1698-4fef-ae41-a45c4fef3aa2",""
"a68fd8cb-8921-423a-b7a3-bd10faa4e4fd","CompositionRelationship","","","e0ab33e6-d80a-46b2-90b9-7fc0806d30f7","da9d42fb-c94a-4db4-95b8-50457cdb81e4",""
"c6b51383-fa84-4fb9-b019-283331f6b7d5","CompositionRelationship","","","e0ab33e6-d80a-46b2-90b9-7fc0806d30f7","09c41e1d-534a-47a8-8165-053b68407206",""
"e9d37d27-3dae-4926-bc0a-958164c5d90b","CompositionRelationship","","","e0ab33e6-d80a-46b2-90b9-7fc0806d30f7","ebd0e90c-ec92-4125-a1ac-3f1b8cd278d7",""
"859ab43d-e7ec-4f13-a495-c5a4645103a8","CompositionRelationship","","","e0ab33e6-d80a-46b2-90b9-7fc0806d30f7","6c9e0231-450d-4afd-8eb1-bc266f39177f",""
"88bf5068-1e28-44c5-8e69-acbd1eba74e3","CompositionRelationship","","","e0ab33e6-d80a-46b2-90b9-7fc0806d30f7","6c559e26-5e07-427b-84ee-ab438312caf5",""
"1d7b2207-da8f-4389-a1d2-1de969d1eea6","CompositionRelationship","","","e0ab33e6-d80a-46b2-90b9-7fc0806d30f7","b9b7530d-7ec8-4ea3-a0eb-c958a5d3e5f4",""
"a0356d9b-9c35-4ea8-8cbb-9e9a48dfe91d","CompositionRelationship","","","e0ab33e6-d80a-46b2-90b9-7fc0806d30f7","3c6f619c-1b41-4465-9b4a-9c4296d88eb6",""
"d340d44e-a537-40b9-958e-d55f3aaa97e2","CompositionRelationship","","","e0ab33e6-d80a-46b2-90b9-7fc0806d30f7","df0fca67-d83d-4612-8d24-f441ad59b7b5",""
"ddc58931-3ada-431e-9d51-4fed1f1cf1ba","CompositionRelationship","","","e0ab33e6-d80a-46b2-90b9-7fc0806d30f7","25206609-1075-4ce5-8d8f-d0463a796959",""
"20d1e471-1b07-43f2-be4c-33e88ba8b1f5","CompositionRelationship","","","e0ab33e6-d80a-46b2-90b9-7fc0806d30f7","fe027c4d-a4f1-4ce1-af81-64dcc6f5416b",""
"a0524912-4d4e-4388-9066-459b7129dca2","CompositionRelationship","","","e0ab33e6-d80a-46b2-90b9-7fc0806d30f7","84e97d09-ad79-43a3-bd1f-15b0ef8ca032",""
"be844344-0e5f-44fd-a3b8-0a353b7c9ea2","CompositionRelationship","","","e0ab33e6-d80a-46b2-90b9-7fc0806d30f7","27dbaa9e-0cfc-49ec-bb7a-4c62e858319a",""
"1a267f90-41c0-46e1-a893-916767e50a76","CompositionRelationship","","","e0ab33e6-d80a-46b2-90b9-7fc0806d30f7","08d48b33-781f-4f5c-b86b-a03f094021da",""
"ba72436f-3993-4dde-8212-6c9598bf988c","CompositionRelationship","","","e0ab33e6-d80a-46b2-90b9-7fc0806d30f7","75fc9cd9-d84b-4606-a0e4-24e338efb490",""
"c4480f77-9481-4c50-b515-f2cdc00d1379","CompositionRelationship","","","e0ab33e6-d80a-46b2-90b9-7fc0806d30f7","06619237-98c0-49d5-8134-08b7400eafc3",""
"c23e1af5-05a1-487d-bdf8-2b9b559e7b22","CompositionRelationship","","","e0ab33e6-d80a-46b2-90b9-7fc0806d30f7","e3948655-b140-409e-ae79-bafb235f620c",""
"5eba6bd5-289c-428b-b7d5-b01a2e6e1a94","CompositionRelationship","","","e0ab33e6-d80a-46b2-90b9-7fc0806d30f7","22819028-9f55-4c59-af1c-43a9307b2bdb",""
"1a1ff36b-9e9b-41e9-a3a3-373e4e231357","CompositionRelationship","","","e0ab33e6-d80a-46b2-90b9-7fc0806d30f7","8263d114-293a-4a4a-9749-39454d4065d8",""
"d225e18d-9098-487e-9afa-7da8add4192a","CompositionRelationship","","","e0ab33e6-d80a-46b2-90b9-7fc0806d30f7","159bc10b-d17a-4007-8999-7e234ba9b341",""
"b8ba55ca-e881-4cc6-9be6-d9d1e946758d","CompositionRelationship","","","e0ab33e6-d80a-46b2-90b9-7fc0806d30f7","afb7c77d-c10b-4b69-86f1-960906ca1ca4",""
"c93c405c-fd8a-49a6-84fd-92a10a54b6a3","CompositionRelationship","","","e0ab33e6-d80a-46b2-90b9-7fc0806d30f7","f89f49bf-42de-4314-acce-9ce2ca6f689a",""
"013ac120-157f-4a39-b469-4d4bec71d9fd","CompositionRelationship","","","e0ab33e6-d80a-46b2-90b9-7fc0806d30f7","1ba2761b-68dd-4374-9f55-ebe7c6ffeaa7",""
"d80a388e-8cc8-41ee-b07c-d6bf8e33070b","CompositionRelationship","","","e0ab33e6-d80a-46b2-90b9-7fc0806d30f7","0cacddaa-22ba-4b56-8ed7-40e66f369c1d",""
"2c239f7e-95f7-4fe4-80bc-7352978fe626","CompositionRelationship","","","e0ab33e6-d80a-46b2-90b9-7fc0806d30f7","3793befa-68b0-41d4-be75-b1ccb189f430",""
"5bc5e257-dfc5-4800-b7f0-24c74ccb2b7f","CompositionRelationship","","","e0ab33e6-d80a-46b2-90b9-7fc0806d30f7","8125ddd6-a161-4c29-9943-8382f1773807",""
"b91ed925-69da-4dd5-a626-039278b5d769","CompositionRelationship","","","1f708dce-d754-4189-a82f-2c1b7b3e0616","f29abe8e-f911-46ed-b247-6eb48dbf0ba5",""
"7397ebd8-4234-4638-bb18-94c174c4952c","CompositionRelationship","","","1f708dce-d754-4189-a82f-2c1b7b3e0616","d83c0f33-aaf5-4429-ac4a-5450c4d72a52",""
"6037bbdf-3ca0-4b05-9e03-1ddb527ba01b","CompositionRelationship","","","1f708dce-d754-4189-a82f-2c1b7b3e0616","2074c4a7-b0d7-4095-90a0-4a5e342e2068",""
"2efdfc89-3406-4e73-8898-8064500566c7","CompositionRelationship","","","1f708dce-d754-4189-a82f-2c1b7b3e0616","af0d6bc8-3445-4910-8b6c-7cb4fc988a29",""
"83272809-9857-48c6-9df2-90ef1fb7298e","CompositionRelationship","","","1f708dce-d754-4189-a82f-2c1b7b3e0616","c97c3a53-8622-4a96-bbf6-58c2014f22c4",""
"d9a1da37-2261-4773-885c-38d2e9553d9e","CompositionRelationship","","","ff8fd7c1-a76f-4078-a9aa-2008ca343591","45172d32-3338-4a09-b459-79cea3958061",""
"b9d6cfcd-6650-4827-8b26-d9043ef6d16e","CompositionRelationship","","","ff8fd7c1-a76f-4078-a9aa-2008ca343591","8cdf596f-6d9a-48fd-9072-27a704886887",""
"b58a035b-df93-4308-adef-a12a5a6ccd8b","CompositionRelationship","","","ff8fd7c1-a76f-4078-a9aa-2008ca343591","71295167-90da-4086-9b97-0152ebcbc6ca",""
"21c367f6-93e9-4d7b-ab80-a463912e2c23","CompositionRelationship","","","ff8fd7c1-a76f-4078-a9aa-2008ca343591","d645af10-125b-4f07-b2cf-a498718c56e4",""
"d6ab5aec-6c1d-464e-beca-bb58f5624fa2","CompositionRelationship","","","ff8fd7c1-a76f-4078-a9aa-2008ca343591","9e1e1d8d-846b-4752-b0fa-d48b7ab56ce0",""
"878b2c3f-3918-45eb-b690-40d5b17a04d0","CompositionRelationship","","","ff8fd7c1-a76f-4078-a9aa-2008ca343591","c8cb1658-d56d-40e6-96bf-8c2eddc6d6db",""
"e51da318-2b8f-44ec-8968-5d200d82ef84","CompositionRelationship","","","ff8fd7c1-a76f-4078-a9aa-2008ca343591","0765321e-ec00-471a-bd73-98fc3511562f",""
"72a225d1-82c9-4d99-b4eb-2b1b963e177d","CompositionRelationship","","","dc9bf07b-fc5f-4926-acae-ed53f0264ded","f2982f29-5065-4577-85d7-184f273f73f9",""
"9a69eabb-761f-411c-b283-9bedc9551d89","CompositionRelationship","","","dc9bf07b-fc5f-4926-acae-ed53f0264ded","9f891887-b6a0-4b65-93d4-a6e461a06cfc",""
"03d6b75d-6030-47cd-b4e7-44d7a7fabe12","CompositionRelationship","","","dc9bf07b-fc5f-4926-acae-ed53f0264ded","834d6492-c8e0-49c6-b694-9617d19b3615",""
"35beaabb-f4f0-49eb-b185-c6e0b2135b28","CompositionRelationship","","","dc9bf07b-fc5f-4926-acae-ed53f0264ded","4fdb2e50-512e-416b-b2a0-adb06284014a",""
"c68bf368-959e-4f80-ab0e-acb7e510bcb6","CompositionRelationship","","","dc9bf07b-fc5f-4926-acae-ed53f0264ded","ffbe63c8-7046-4f8d-97ce-c83a74116967",""
"519e4eec-33d6-46cf-9520-1a1c3e65453c","CompositionRelationship","","","dc9bf07b-fc5f-4926-acae-ed53f0264ded","67b72b13-0ac1-42aa-9bc4-23ff8846867c",""
"90a9e7c3-f644-494e-9dca-baae9bd0c4c1","CompositionRelationship","","","dc9bf07b-fc5f-4926-acae-ed53f0264ded","b727070e-8310-4c55-a6b1-6f27809a0f93",""
"6cc19152-d48d-4a7b-9541-9b7ed943ce82","CompositionRelationship","","","dc9bf07b-fc5f-4926-acae-ed53f0264ded","30fad58c-079d-481b-8c04-34797d1e1432",""
"246702ad-0b9f-4f51-b23c-6c5460f04f7b","CompositionRelationship","","","16bc161f-4215-4437-b6e5-6821e736a9a3","dc79d9f2-b1ed-4277-9ec6-f0048c4c3921",""
"7ce4ee3e-9dbf-4071-8d71-d0628883f64f","CompositionRelationship","","","16bc161f-4215-4437-b6e5-6821e736a9a3","30db0cdb-b722-4043-8ad0-49ceb40dc50c",""
"8ac647d7-6e9b-4116-8468-8e0a612bd181","CompositionRelationship","","","16bc161f-4215-4437-b6e5-6821e736a9a3","24938e6b-1736-4ec2-9581-66a19b89c89a",""
"60ae1ad6-681c-404d-9212-53731aaddb28","CompositionRelationship","","","16bc161f-4215-4437-b6e5-6821e736a9a3","8c197b88-4dd9-4d28-9cfb-960f07869195",""
"7aae665d-2d92-4853-8c11-7bfc823b2638","CompositionRelationship","","","16bc161f-4215-4437-b6e5-6821e736a9a3","5addb173-3634-4f90-bf59-e2e904f7a5ee",""
"11c51cf5-e915-409a-b654-b0a8334a4952","CompositionRelationship","","","16bc161f-4215-4437-b6e5-6821e736a9a3","7b2edd1f-c574-4c6f-91cb-fbef7e39995a",""
"a729d46c-cf9f-4b14-ac83-5f523ba4ddd9","CompositionRelationship","","","16bc161f-4215-4437-b6e5-6821e736a9a3","fe3d161f-cb72-4afa-8230-f974adfcc42c",""
"ec719b87-f024-4f91-ab80-cbe79d176e62","CompositionRelationship","","","16bc161f-4215-4437-b6e5-6821e736a9a3","bb4b72cd-cd24-43ea-904e-c01694bc7e86",""
"0822b39a-1301-4516-9255-4adc40d0807a","CompositionRelationship","","","16bc161f-4215-4437-b6e5-6821e736a9a3","07a23880-408c-47ef-b046-c9e84dcdb9d2",""
"c28c462f-4400-4831-baa6-28027f9f0eab","CompositionRelationship","","","16bc161f-4215-4437-b6e5-6821e736a9a3","78cd1fed-161f-4926-a98c-a8d99f3aef58",""
"f9329291-f636-4ae6-9461-f2b648fcdb0f","CompositionRelationship","","","16bc161f-4215-4437-b6e5-6821e736a9a3","d7c82732-b133-4ca7-967a-98aa0a8fb295",""
"139bf189-5eba-4a1a-bf6e-31ff0c9a8993","CompositionRelationship","","","16bc161f-4215-4437-b6e5-6821e736a9a3","3732c347-4472-4907-95f8-036c7e5354a1",""
"7af28aff-9267-4497-9dae-5c35b355aa3d","CompositionRelationship","","","16bc161f-4215-4437-b6e5-6821e736a9a3","62780061-c5e6-47d1-9617-036308d3a40b",""
"5435b0d9-9bfb-4494-8ecd-1312d97ec9bc","CompositionRelationship","","","16bc161f-4215-4437-b6e5-6821e736a9a3","3506e1b9-7229-456f-8771-ef3a99b78bd3",""
"627a7c5f-3f1d-4b89-a0be-4fc19cea82c4","CompositionRelationship","","","16bc161f-4215-4437-b6e5-6821e736a9a3","f7bf43ae-928c-4b86-8a21-0f9c5efa1499",""
"b89fab9a-45e6-4b76-99e8-f78aefd880e6","CompositionRelationship","","","16bc161f-4215-4437-b6e5-6821e736a9a3","ea42b17f-bb35-41c5-ad4b-694c45ea69ec",""
"822a22d7-6aa7-4816-b554-6a01b8e50d3d","CompositionRelationship","","","16bc161f-4215-4437-b6e5-6821e736a9a3","382d586f-0efe-4502-92e4-3cd7fe1a5de4",""
"0b307091-7d96-4f35-93e4-6844bab1aef2","CompositionRelationship","","","16bc161f-4215-4437-b6e5-6821e736a9a3","ac96787a-b86b-483e-add0-ee75508b2c62",""
"07d3821f-6d7d-4577-ba45-238b983932e5","CompositionRelationship","","","16bc161f-4215-4437-b6e5-6821e736a9a3","20efbdce-14b8-49b0-9629-e78959697e7a",""
"b2c84b6c-bdc5-4608-9761-43c5b48a2941","CompositionRelationship","","","16bc161f-4215-4437-b6e5-6821e736a9a3","2613c1e5-dd0f-43bc-8dfe-b8e595e54ba8",""
"84d16988-41e1-4506-8bf7-0601ef1516e6","CompositionRelationship","","","16bc161f-4215-4437-b6e5-6821e736a9a3","2a70644d-1bcc-4efa-9475-388f7c45d741",""
"3e1f5279-c296-44a3-acaa-273b861675ac","CompositionRelationship","","","16bc161f-4215-4437-b6e5-6821e736a9a3","ac5ff023-66d3-4316-842f-8a06376714fe",""
"743ebd18-7ff1-4548-aadb-a53ba82eb39d","CompositionRelationship","","","16bc161f-4215-4437-b6e5-6821e736a9a3","cf5748d8-90de-4c5d-9085-3f81f0d4a426",""
"9cb9537e-2be0-4e37-9cc3-9b8bb05d0199","CompositionRelationship","","","16bc161f-4215-4437-b6e5-6821e736a9a3","271f1dbb-7d05-4e65-b423-e6e564e0c9d1",""
"c8af867a-2e90-4e07-b149-cf1b1614b18e","CompositionRelationship","","","16bc161f-4215-4437-b6e5-6821e736a9a3","9b26bb44-5b46-4890-9d86-30fa22bdb03c",""
"0a8f7c0a-3385-4a88-99d0-671e7c77c673","CompositionRelationship","","","16bc161f-4215-4437-b6e5-6821e736a9a3","59fc8b2f-647a-4c00-9859-f1e25773e843",""
"3281f798-28be-47b0-875f-b488b88bb7ca","CompositionRelationship","","","16bc161f-4215-4437-b6e5-6821e736a9a3","933de767-80aa-44cb-b790-fa7494a11c0b",""
"1b320478-903c-42e7-80ce-6b2645635941","CompositionRelationship","","","16bc161f-4215-4437-b6e5-6821e736a9a3","9b21ff96-8373-451a-8c8c-cc5367fcfca0",""
"486495d9-4912-4065-b4a3-20bfe0dd1313","CompositionRelationship","","","bd4606a1-70de-4e1f-89f2-d25e897552cc","5594d13a-9743-4ba3-b07f-8771fcf425a8",""
"ca0c6386-b58e-403d-a27d-2e8c2281b202","CompositionRelationship","","","bd4606a1-70de-4e1f-89f2-d25e897552cc","7148de21-091c-46e4-92a4-020b1e5f9f2f",""
"efdb2dd8-597a-4b48-b5a9-b37445ac4251","CompositionRelationship","","","bd4606a1-70de-4e1f-89f2-d25e897552cc","48c659a3-03a7-4bd3-9f1e-b5926eb3ce40",""
"c2deca7b-4028-4bc5-a05c-c5384d6421bb","CompositionRelationship","","","bd4606a1-70de-4e1f-89f2-d25e897552cc","55048d29-e11e-494c-91f3-d67b148ee310",""
"7d217eee-289b-42e0-9422-0be825c70b3d","CompositionRelationship","","","bd4606a1-70de-4e1f-89f2-d25e897552cc","895bf32c-acd8-4429-a9e4-b0ccb2ffcbf6",""
"a638c6fb-e51c-4821-b952-760f9eb8105a","CompositionRelationship","","","bd4606a1-70de-4e1f-89f2-d25e897552cc","b0adc531-6844-4c5f-b322-0341f317d870",""
"ba5eca1b-4f79-4b5d-8530-7e75ff631704","CompositionRelationship","","","bd4606a1-70de-4e1f-89f2-d25e897552cc","65414be5-43e5-47c0-97eb-901cbc4d3fca",""
"fcad6f21-c8ef-4d97-9ad1-80e44a27bbe3","CompositionRelationship","","","bd4606a1-70de-4e1f-89f2-d25e897552cc","a5c79d04-c69c-4725-8ae1-1a8c4f42da0f",""
"da676408-2dc6-482d-87de-356c682a52ae","CompositionRelationship","","","bd4606a1-70de-4e1f-89f2-d25e897552cc","3d57ada4-027b-4e74-9786-e6abeb6a2dfd",""
"f6a3d274-ce41-4701-97d3-ca5013a79b32","CompositionRelationship","","","bd4606a1-70de-4e1f-89f2-d25e897552cc","38286a5b-3029-498a-a90a-646f16bc12cd",""
"0659be9f-4526-4a64-a57f-11c5ae2b4d65","CompositionRelationship","","","bd4606a1-70de-4e1f-89f2-d25e897552cc","ddfd9715-6ec8-481d-a736-b97a58cc707f",""
"4f5a9340-06b9-4451-a5df-1c5e2ce0e1b9","CompositionRelationship","","","bd4606a1-70de-4e1f-89f2-d25e897552cc","1087d39a-f946-4bb7-9b49-a3cd16f63b78",""
"0854e9fb-cace-4641-9539-6e1c87901444","CompositionRelationship","","","bd4606a1-70de-4e1f-89f2-d25e897552cc","cca11f71-f9e3-45f0-8352-7656cd0a581c",""
"4c7a89a7-0683-43a7-b305-95cfaa2d6dc5","CompositionRelationship","","","bd4606a1-70de-4e1f-89f2-d25e897552cc","75b1e821-48d5-4612-b638-8e3aa02887dd",""
"b9402c2b-6bf4-46d5-9036-f4d135fdc83b","CompositionRelationship","","","bd4606a1-70de-4e1f-89f2-d25e897552cc","6c54ba35-1dad-4cc3-ae60-d04b5c2ef19d",""
"398fc927-2b6a-4bed-8ed9-e9b520aa7128","CompositionRelationship","","","bd4606a1-70de-4e1f-89f2-d25e897552cc","df3d31fd-b3cb-4007-9ca1-354133b061d4",""
"9143e6d7-2fb1-4a58-83ac-022a5b99635d","CompositionRelationship","","","bd4606a1-70de-4e1f-89f2-d25e897552cc","7e9cf2e5-a4ad-4bb5-8035-385eb1599dbe",""
"eaa53940-d20f-40fc-9907-07b2e7d718a2","CompositionRelationship","","","bd4606a1-70de-4e1f-89f2-d25e897552cc","c61a1a8e-0c39-4890-a97a-7ee7369726fa",""
"99009f27-963b-4014-a1d4-976391cf9ba7","CompositionRelationship","","","bd4606a1-70de-4e1f-89f2-d25e897552cc","e5d881ec-b634-4ef2-b89e-37227a395bf0",""
"00e09d2f-647a-4a54-bc5f-2600d69419ee","CompositionRelationship","","","bd4606a1-70de-4e1f-89f2-d25e897552cc","70b1747a-9598-4365-bd1c-75f6d04fe6a5",""
"286818f7-081a-4787-9241-8b0ff8081544","CompositionRelationship","","","bd4606a1-70de-4e1f-89f2-d25e897552cc","e22f055a-9433-4ee7-ae89-ecf17e132e79",""
"f0335a16-17ff-41ac-b0da-ed4634db68f1","CompositionRelationship","","","bd4606a1-70de-4e1f-89f2-d25e897552cc","79348313-ecd9-4cf5-9d1a-4601ab702315",""
"2ff20600-42b9-443f-9b6d-fdb91f87a830","CompositionRelationship","","","bd4606a1-70de-4e1f-89f2-d25e897552cc","01a98b72-0c19-4ec4-9d48-0fc28c743eb0",""
"40b59f04-6f95-4fd1-9c5a-4637acc8ad56","CompositionRelationship","","","bd4606a1-70de-4e1f-89f2-d25e897552cc","4e22fa01-df40-402d-9912-54dcc876b58c",""
"0e15499c-581e-43d1-83c0-5426ef6343e2","CompositionRelationship","","","bd4606a1-70de-4e1f-89f2-d25e897552cc","17d08260-28d0-4381-a1bf-31ea252d918d",""
"ec0511af-fcfd-429a-848e-2e39c53815d6","CompositionRelationship","","","5d9b53ba-66e5-4951-afbe-b67f1386d462","edb1c36b-e188-4c80-ab5f-75bd4a90ed70",""
"fc71dfdb-b458-4d5c-b53b-b8ca38c6c0a0","CompositionRelationship","","","5d9b53ba-66e5-4951-afbe-b67f1386d462","918ca38e-cc69-49a7-9c57-7d3c02fb1cd1",""
"502fbdc8-92d3-473c-a8c3-01733836d6ce","CompositionRelationship","","","5d9b53ba-66e5-4951-afbe-b67f1386d462","1cd9a51f-2e0f-4ca4-9b46-41b4069810eb",""
"be9201ff-3a88-42d4-9d6b-792b0dff0d51","CompositionRelationship","","","5d9b53ba-66e5-4951-afbe-b67f1386d462","859ebfe8-9cac-4ddf-b0a6-467c488d2e31",""
"092920bc-2c49-427a-b1d8-7dd49e76bee2","CompositionRelationship","","","5d9b53ba-66e5-4951-afbe-b67f1386d462","29b9ee3f-985f-405e-a64d-a4e7db3b7bc3",""
"5f4e3b24-cfa0-4dbb-bec2-7495c4f9a888","CompositionRelationship","","","5d9b53ba-66e5-4951-afbe-b67f1386d462","b9278f5f-b7c8-4d19-b87a-e97ea60d54bb",""
"ccc995ac-22e6-4529-9a04-62afed2d7edd","CompositionRelationship","","","ef06a60e-10b1-40f6-aae4-e9c05eae3fac","e6bdcfd6-277d-4e73-bd69-9b107da54d63",""
"0f888a09-b358-467a-a85d-ff7d17b6b009","CompositionRelationship","","","ef06a60e-10b1-40f6-aae4-e9c05eae3fac","cece29ce-82cd-43e1-a557-7457b1d0b117",""
"98d7837b-bc0b-4d06-9b3f-85dab8b56d08","CompositionRelationship","","","ef06a60e-10b1-40f6-aae4-e9c05eae3fac","38d281f0-c514-4c89-903d-a7064d60b11a",""
"47d5ea8d-6681-42a8-a0dc-181b089da99a","CompositionRelationship","","","ef06a60e-10b1-40f6-aae4-e9c05eae3fac","86a794e4-c652-4621-9cdc-0dd3be793202",""
"22faf61d-9604-49ba-9f13-ef61a1a5208c","CompositionRelationship","","","ef06a60e-10b1-40f6-aae4-e9c05eae3fac","ea34b147-5c2e-4591-9258-15311a041b56",""
"4433a9e2-58c0-41c8-9b97-f3f6e5e2a9a3","CompositionRelationship","","","ef06a60e-10b1-40f6-aae4-e9c05eae3fac","5d9c6e19-0d99-45ba-8c72-ddd0d1bf1ae4",""
"7d3154bd-41d4-4dbd-81b1-f7078a078d75","CompositionRelationship","","","ef06a60e-10b1-40f6-aae4-e9c05eae3fac","d889ad3a-b0d7-4552-ad24-61e58fd098cc",""
"c27c13de-9aca-4870-91ea-b87c686e69fe","CompositionRelationship","","","ef06a60e-10b1-40f6-aae4-e9c05eae3fac","1fd8ef83-5217-4688-8f61-4c2f8e84b9b7",""
"00249487-48b1-4dcb-9e86-6536f04d9a44","CompositionRelationship","","","ef06a60e-10b1-40f6-aae4-e9c05eae3fac","722e77fb-da5d-470b-966e-cc3bfcb69a44",""
"e6260456-d5c8-44a4-9d10-69e9fe30a12e","CompositionRelationship","","","6d9f746d-ac20-46e1-ab04-bb75243c818e","2d2f0659-724a-42a9-ba7a-ccfa63646c87",""
"4ed3eab4-47bd-449f-ae09-e4e308438a1e","CompositionRelationship","","","6d9f746d-ac20-46e1-ab04-bb75243c818e","ccf9a800-de34-43e8-b2f7-ba2a2d7c2af4",""
"34fbdd3d-f31b-40ef-8da7-4e8b7780151f","CompositionRelationship","","","6d9f746d-ac20-46e1-ab04-bb75243c818e","ecb23b9d-affe-4784-a53f-eef751a3ceff",""
"d8a46992-72f5-4b6f-87b6-0707ad11a9e5","CompositionRelationship","","","6d9f746d-ac20-46e1-ab04-bb75243c818e","b2ea7f20-8584-47aa-a43b-49ea31b465fc",""
"a3d7a3dd-fce1-4ac6-875b-4ffb87fafe3c","CompositionRelationship","","","6d9f746d-ac20-46e1-ab04-bb75243c818e","79f95449-e5bc-4530-bd8d-3fc15a3c4c9b",""
"7f4c6534-7f96-421e-b034-b70fd8e65111","CompositionRelationship","","","6d9f746d-ac20-46e1-ab04-bb75243c818e","a25c41b6-9aea-43da-9b64-7a05b600c5b3",""
"c3d8c98c-8461-4b41-8c60-358b09d08b8e","CompositionRelationship","","","6d9f746d-ac20-46e1-ab04-bb75243c818e","b85a2d63-5ab1-4a65-98ba-e6110690187c",""
"688d49cc-9448-4aeb-9a9f-f8f5b4fa88df","CompositionRelationship","","","6d9f746d-ac20-46e1-ab04-bb75243c818e","04aec3e0-e7ce-47a8-9293-79b910022acd",""
"b69b00dc-44e2-4fa4-b93e-dcb539f309bf","CompositionRelationship","","","6d9f746d-ac20-46e1-ab04-bb75243c818e","db9f650d-1daf-4f45-a939-121bddd9a214",""
"8eb3ab12-af54-4c33-9930-493b6fe0266f","CompositionRelationship","","","6998f464-f236-4706-aff5-eca68525bfb0","4feb9383-180d-4100-a855-a30bb324b717",""
"74d5c67a-c2a4-4665-b400-0462e9adab3e","CompositionRelationship","","","6998f464-f236-4706-aff5-eca68525bfb0","693cbc37-0fd2-4444-bc3a-0b0c1d3b005e",""
"350e5cd5-71f1-4706-a46f-95c0ce260fb5","CompositionRelationship","","","6998f464-f236-4706-aff5-eca68525bfb0","06163104-8740-44a9-b4f1-1425fef7c0bc",""
"3db8d2cf-b467-446f-99bd-8bb8854a4352","CompositionRelationship","","","6998f464-f236-4706-aff5-eca68525bfb0","1dfddf7e-58cb-40cd-aebe-895b53c266c4",""
"2f76efe8-034b-4bc5-a517-33baf557e5f3","CompositionRelationship","","","6998f464-f236-4706-aff5-eca68525bfb0","70a7322b-07f5-4f75-919c-bf4f3a95be67",""
"f2530382-9b4d-4b86-a121-55617b5f7c4a","CompositionRelationship","","","6998f464-f236-4706-aff5-eca68525bfb0","d63f749a-2983-44b8-ac5e-5e5c7f5fd9dc",""
"df0d521e-e0f8-41c5-b957-1d1ed0c815be","CompositionRelationship","","","6998f464-f236-4706-aff5-eca68525bfb0","8e984779-7ec1-4dd7-823b-2225e713f636",""
"09c79e9c-4edc-4b35-86a3-253225245139","CompositionRelationship","","","6998f464-f236-4706-aff5-eca68525bfb0","1d9cda12-aebf-4c89-8fdd-113be48af701",""
"cd022714-7f35-47fb-bfc5-8d923ecc23e2","CompositionRelationship","","","6998f464-f236-4706-aff5-eca68525bfb0","2006d67b-e9c9-4f68-b9df-1acdd74b1a39",""
"9a5c0fb5-b9c1-4dd5-91af-aff8015cfc52","CompositionRelationship","","","6998f464-f236-4706-aff5-eca68525bfb0","6b625400-5b7a-4703-a8b4-d6a0e31ecdc2",""
"b5e2c224-3600-4a03-b6e7-295f8d6a03ee","CompositionRelationship","","","6998f464-f236-4706-aff5-eca68525bfb0","43604ba8-4e89-4829-a2e6-c114481ab330",""
"1875d1cc-5023-4f07-8b5f-acde56be4227","CompositionRelationship","","","dcd92d40-d68b-4174-a08b-972659c1f2a5","5ff86664-533a-49d7-8825-86f9a7c158db",""
"ed0fcfde-34ab-4486-b1db-3d9deb21a058","CompositionRelationship","","","dcd92d40-d68b-4174-a08b-972659c1f2a5","6bfc936b-9b29-438f-8017-5aa61c41ad90",""
"93ef7901-5b49-4341-a91b-48493dfea586","CompositionRelationship","","","dcd92d40-d68b-4174-a08b-972659c1f2a5","641e7d30-19a0-4056-ab01-87c544bd9443",""
"c02a647d-3c12-4547-b464-073030b0d76d","CompositionRelationship","","","dcd92d40-d68b-4174-a08b-972659c1f2a5","9f9a4a4d-a423-4491-b6cc-0c0267d960a6",""
"213dd610-0b47-4900-8aba-df82ecae310d","CompositionRelationship","","","dcd92d40-d68b-4174-a08b-972659c1f2a5","be3499a6-4f22-459b-a11f-d8d67b03a84c",""
"fef64db9-bd8f-4121-8c96-69700dbc8e94","CompositionRelationship","","","dcd92d40-d68b-4174-a08b-972659c1f2a5","6d8bc958-ce19-49d3-99e4-1eef853ae6a7",""
"be6b0c5b-8102-4526-ae32-68fa9c23b52c","CompositionRelationship","","","dcd92d40-d68b-4174-a08b-972659c1f2a5","18143665-c4b6-4471-9ea0-6d35a2c178bf",""
"7361d4dc-add3-4408-8fc5-89a8c99a7aa7","CompositionRelationship","","","dcd92d40-d68b-4174-a08b-972659c1f2a5","ac1be2f1-52cb-4611-b802-aa22d7dc6ab8",""
"b7323c67-67bb-485c-a36b-5958ec94caed","CompositionRelationship","","","dcd92d40-d68b-4174-a08b-972659c1f2a5","a71a4401-c701-49a4-9bf5-be40037258b4",""
"589560fe-09a7-4ce2-98ba-227a998d1ed8","CompositionRelationship","","","b440f572-7c54-4437-9e84-e3cba4377470","3816cdd3-b997-479e-b362-0960e158cce1",""
"1a22f489-1c56-4b6f-8194-724c62e2820a","CompositionRelationship","","","b440f572-7c54-4437-9e84-e3cba4377470","08bfa3fd-bf2a-42e5-9f6f-293c0c0f3f39",""
"d95ccac5-23af-4612-a3b7-66bebba1d83a","CompositionRelationship","","","b440f572-7c54-4437-9e84-e3cba4377470","283b860d-8cea-4ac1-ade7-6ffe63689647",""
"329de088-34e0-457a-b7bb-e8e1603295dd","CompositionRelationship","","","b440f572-7c54-4437-9e84-e3cba4377470","b29279f8-c3ab-4c12-8de4-359a461e3079",""
"b8de170e-8d89-457d-a02a-558ccfcf6934","CompositionRelationship","","","b440f572-7c54-4437-9e84-e3cba4377470","85410d1c-b7f3-4379-b3e3-fb11df3c781f",""
"32fabbb8-091a-40db-861d-287309256fc3","CompositionRelationship","","","b440f572-7c54-4437-9e84-e3cba4377470","7c75274f-e5a4-499f-b8dc-141f609e51c6",""
"2c66d273-b594-42c9-8ee4-9141b538d221","CompositionRelationship","","","b440f572-7c54-4437-9e84-e3cba4377470","5ea6ac4d-99db-4753-9341-e27113859590",""
"a0249fe0-921b-4e33-a752-3be0de4cc96a","CompositionRelationship","","","5d9b53ba-66e5-4951-afbe-b67f1386d462","1d2251e0-5b01-4f1d-8977-aa94784fc444",""
"111ddb06-952d-470b-956d-464c4ad81f28","InfluenceRelationship","","","491183c1-dd93-428b-a1aa-e8ba4bd51c57","2c0dd8c2-0cb4-40e9-8de6-1ba80c7e66c0",""
"d8bb4d02-b99d-4fbb-b197-468dd2416200","InfluenceRelationship","","","491183c1-dd93-428b-a1aa-e8ba4bd51c57","fc4b0442-8057-4882-aff4-2a445047bc03",""
"41576511-1558-4914-911e-113d386e84de","InfluenceRelationship","","","491183c1-dd93-428b-a1aa-e8ba4bd51c57","7d5db779-8326-4d7c-bdc5-f7c52f30112a",""
"d3f1845c-8219-447a-b09f-28aaaf7c6a9c","InfluenceRelationship","","","491183c1-dd93-428b-a1aa-e8ba4bd51c57","67fcc600-b286-48ed-8fb6-e5a8ca1f56d1",""
"f1adb05e-2899-458c-846b-084a70276b4f","InfluenceRelationship","","","491183c1-dd93-428b-a1aa-e8ba4bd51c57","6d716f18-f54e-4eca-80a2-aa079fe2140e",""
"c2eb730e-0be0-48da-a206-3deb2b0180b7","InfluenceRelationship","","","491183c1-dd93-428b-a1aa-e8ba4bd51c57","56d32241-b993-41bc-b1bb-b1a530cb4e63",""
"b5b75ca0-09bb-4f76-8044-aa24cf3d7044","InfluenceRelationship","","","491183c1-dd93-428b-a1aa-e8ba4bd51c57","8902eaf1-3dcc-4184-aea4-b9c39b35f241",""
"331946e2-76a0-4553-8335-256fea7a2935","InfluenceRelationship","","","491183c1-dd93-428b-a1aa-e8ba4bd51c57","6433992f-7560-4956-8e07-9e6e8fd7a3ef",""
"1e8f14b7-b26f-46a9-bd09-a10f8f427671","InfluenceRelationship","","","491183c1-dd93-428b-a1aa-e8ba4bd51c57","58be83de-5aca-41af-ac46-27b69a79ff71",""
"d9fd44f1-861e-45aa-8582-51b65202d92b","InfluenceRelationship","","","491183c1-dd93-428b-a1aa-e8ba4bd51c57","de077624-aebe-4b11-bf6a-b49320bfa97b",""
"e2294978-0f54-48aa-8d01-e5c7a186f511","InfluenceRelationship","","","491183c1-dd93-428b-a1aa-e8ba4bd51c57","767e48f2-4bc3-4c6a-a117-7f620c118e61",""
"768013b4-b372-4c7b-b699-6ba9124a0795","InfluenceRelationship","","","491183c1-dd93-428b-a1aa-e8ba4bd51c57","852cd858-bd72-4faa-a97f-d9e37588d50e",""
"8aa6c5b6-a0d3-4146-b21d-d434db484e44","InfluenceRelationship","","","491183c1-dd93-428b-a1aa-e8ba4bd51c57","ce110eaa-3ca7-4950-9953-5d509fcfecbd",""
"c6c4e570-5e28-494f-8203-add0ac1bcbbf","InfluenceRelationship","","","491183c1-dd93-428b-a1aa-e8ba4bd51c57","5730d545-0781-4725-b854-d8716e2834b1",""
"c6cdc297-5c3a-40f4-8ea4-eaadcbe870dc","InfluenceRelationship","","","491183c1-dd93-428b-a1aa-e8ba4bd51c57","678ecda6-7558-4649-951b-9a343a169d94",""
"280dbb6f-c512-4ad2-91ec-2248f093b3ba","RealizationRelationship","","","ef06a60e-10b1-40f6-aae4-e9c05eae3fac","2c0dd8c2-0cb4-40e9-8de6-1ba80c7e66c0",""
"03e4ddc8-908c-4372-97e3-127f1cda0712","RealizationRelationship","","","6d9f746d-ac20-46e1-ab04-bb75243c818e","2c0dd8c2-0cb4-40e9-8de6-1ba80c7e66c0",""
"820e30e6-2e32-4a32-a26d-260dd7ef48b5","RealizationRelationship","","","6998f464-f236-4706-aff5-eca68525bfb0","2c0dd8c2-0cb4-40e9-8de6-1ba80c7e66c0",""
"a11d5313-f7f7-47ea-8b3f-cdc981ed7427","RealizationRelationship","","","dcd92d40-d68b-4174-a08b-972659c1f2a5","2c0dd8c2-0cb4-40e9-8de6-1ba80c7e66c0",""
"898f0ba8-a7f3-4c5d-ba67-8d04811e892f","RealizationRelationship","","","b440f572-7c54-4437-9e84-e3cba4377470","2c0dd8c2-0cb4-40e9-8de6-1ba80c7e66c0",""