source,target,relationship,source_type,target_type
System Requirements Definition,System requirements traceability,AccessRelationship,BusinessFunction,BusinessObject
Operation,Validated system,AccessRelationship,BusinessFunction,BusinessObject
Transition,Verified system,AccessRelationship,BusinessFunction,BusinessObject
Architecture Definition,Architecture traceability,AccessRelationship,BusinessFunction,BusinessObject
Business or Mission Analysis,Problem or opportunity statement,AccessRelationship,BusinessFunction,BusinessObject
Project Planning,SEMP,AccessRelationship,BusinessFunction,BusinessObject
Disposal,Disposal procedure,AccessRelationship,BusinessFunction,BusinessObject
Project Assessment and Control,Project assessment and control strategy,AccessRelationship,BusinessFunction,BusinessObject
Transition,Final RVTM,AccessRelationship,BusinessFunction,BusinessObject
Infrastructure Management,Project infrastructure,AccessRelationship,BusinessFunction,BusinessObject
Architecture Definition,Life cycle constraints,AccessRelationship,BusinessFunction,BusinessObject
Acquisition,Acquisition reply,AccessRelationship,BusinessFunction,BusinessObject
Project Planning,Strategy documents,AccessRelationship,BusinessFunction,BusinessObject
Design Definition,System architecture rationale,AccessRelationship,BusinessFunction,BusinessObject
Acquisition,Enabling system requirements,AccessRelationship,BusinessFunction,BusinessObject
Project Planning,Project schedule,AccessRelationship,BusinessFunction,BusinessObject
Business or Mission Analysis,Business or mission analysis strategy,AccessRelationship,BusinessFunction,BusinessObject
Portfolio Management,Organization lesson learned,AccessRelationship,BusinessFunction,BusinessObject
Integration,System architecture description,AccessRelationship,BusinessFunction,BusinessObject
Supply,Supply agreement,AccessRelationship,BusinessFunction,BusinessObject
Measurement,Measurement record,AccessRelationship,BusinessFunction,BusinessObject
Architecture Definition,Architecture definition record,AccessRelationship,BusinessFunction,BusinessObject
Quality Management,Quality assurance evaluation report,AccessRelationship,BusinessFunction,BusinessObject
Verification,Final RVTM,AccessRelationship,BusinessFunction,BusinessObject
Stakeholder Needs and Requirements Definition,System function identification,AccessRelationship,BusinessFunction,BusinessObject
Infrastructure Management,Infrastructure management report,AccessRelationship,BusinessFunction,BusinessObject
System Requirements Definition,Final RVTM,AccessRelationship,BusinessFunction,BusinessObject
Design Definition,Design traceability,AccessRelationship,BusinessFunction,BusinessObject
Verification,Updated RVTM,AccessRelationship,BusinessFunction,BusinessObject
System Analysis,Life cycle concepts,AccessRelationship,BusinessFunction,BusinessObject
System Requirements Definition,Stakeholder requirements traceability,AccessRelationship,BusinessFunction,BusinessObject
Business or Mission Analysis,Business requirements,AccessRelationship,BusinessFunction,BusinessObject
Transition,Transition report,AccessRelationship,BusinessFunction,BusinessObject
Verification,Verification procedure,AccessRelationship,BusinessFunction,BusinessObject
System Requirements Definition,System requirements definition strategy,AccessRelationship,BusinessFunction,BusinessObject
Stakeholder Needs and Requirements Definition,Major stakeholder identification,AccessRelationship,BusinessFunction,BusinessObject
Operation,Operation enabling system requirements,AccessRelationship,BusinessFunction,BusinessObject
Human Resource Management,Qualified personnel,AccessRelationship,BusinessFunction,BusinessObject
Architecture Definition,System requirements,AccessRelationship,BusinessFunction,BusinessObject
Design Definition,Design definition record,AccessRelationship,BusinessFunction,BusinessObject
Business or Mission Analysis,Project constraints,AccessRelationship,BusinessFunction,BusinessObject
Infrastructure Management,Organization infrastructure,AccessRelationship,BusinessFunction,BusinessObject
Quality Assurance,Quality assurance record,AccessRelationship,BusinessFunction,BusinessObject
Knowledge Management,Organization lesson learned,AccessRelationship,BusinessFunction,BusinessObject
Decision Management,Decision situation,AccessRelationship,BusinessFunction,BusinessObject
Project Planning,Project budget,AccessRelationship,BusinessFunction,BusinessObject
Architecture Definition,Interface definition update identification,AccessRelationship,BusinessFunction,BusinessObject
Project Planning,Quality assurance plan,AccessRelationship,BusinessFunction,BusinessObject
Maintenance,Maintenance record,AccessRelationship,BusinessFunction,BusinessObject
Verification,Verification constraints,AccessRelationship,BusinessFunction,BusinessObject
Quality Management,Quality assurance report,AccessRelationship,BusinessFunction,BusinessObject
Infrastructure Management,Infrastructure management plan,AccessRelationship,BusinessFunction,BusinessObject
Disposal,Maintenance report,AccessRelationship,BusinessFunction,BusinessObject
Project Assessment and Control,Procedures,AccessRelationship,BusinessFunction,BusinessObject
Architecture Definition,Updated RVTM,AccessRelationship,BusinessFunction,BusinessObject
Acquisition,Accepted system or system element,AccessRelationship,BusinessFunction,BusinessObject
Operation,Life cycle concepts,AccessRelationship,BusinessFunction,BusinessObject
Implementation,System design description,AccessRelationship,BusinessFunction,BusinessObject
System Requirements Definition,Updated RVTM,AccessRelationship,BusinessFunction,BusinessObject
Integration,Integration procedure,AccessRelationship,BusinessFunction,BusinessObject
Portfolio Management,Organization strategic plan,AccessRelationship,BusinessFunction,BusinessObject
Project Planning,Documentation tree,AccessRelationship,BusinessFunction,BusinessObject
Project Assessment and Control,Project lessons learned,AccessRelationship,BusinessFunction,BusinessObject
Information Management,Information management strategy,AccessRelationship,BusinessFunction,BusinessObject
Architecture Definition,Preliminary interface definition,AccessRelationship,BusinessFunction,BusinessObject
Implementation,System elements,AccessRelationship,BusinessFunction,BusinessObject
Quality Assurance,Quality management report,AccessRelationship,BusinessFunction,BusinessObject
Integration,Integration enabling system requirements,AccessRelationship,BusinessFunction,BusinessObject
Human Resource Management,Project human resources needs,AccessRelationship,BusinessFunction,BusinessObject
System Requirements Definition,Life cycle concepts,AccessRelationship,BusinessFunction,BusinessObject
Quality Management,Quality assurance plan,AccessRelationship,BusinessFunction,BusinessObject
Measurement,Measurement report,AccessRelationship,BusinessFunction,BusinessObject
System Requirements Definition,Architecture traceability,AccessRelationship,BusinessFunction,BusinessObject
Supply,Disposed system,AccessRelationship,BusinessFunction,BusinessObject
Maintenance,Wartungsstrategie,AccessRelationship,BusinessFunction,BusinessObject
Stakeholder Needs and Requirements Definition,Life cycle constraints,AccessRelationship,BusinessFunction,BusinessObject
Design Definition,TPM data,AccessRelationship,BusinessFunction,BusinessObject
Acquisition,Acquisition payment,AccessRelationship,BusinessFunction,BusinessObject
Implementation,System element description,AccessRelationship,BusinessFunction,BusinessObject
Verification,Verified system,AccessRelationship,BusinessFunction,BusinessObject
Architecture Definition,System requirements traceability,AccessRelationship,BusinessFunction,BusinessObject
Knowledge Management,Knowledge management report,AccessRelationship,BusinessFunction,BusinessObject
Information Management,Candidate information items,AccessRelationship,BusinessFunction,BusinessObject
Business or Mission Analysis,Preliminary MOE needs,AccessRelationship,BusinessFunction,BusinessObject
Stakeholder Needs and Requirements Definition,System requirements traceability,AccessRelationship,BusinessFunction,BusinessObject
Business or Mission Analysis,Business requirements traceability,AccessRelationship,BusinessFunction,BusinessObject
Project Assessment and Control,Validated requirements,AccessRelationship,BusinessFunction,BusinessObject
Integration,Accepted system or system element,AccessRelationship,BusinessFunction,BusinessObject
Implementation,Implementation report,AccessRelationship,BusinessFunction,BusinessObject
Supply,Supply strategy,AccessRelationship,BusinessFunction,BusinessObject
Portfolio Management,Project direction,AccessRelationship,BusinessFunction,BusinessObject
Stakeholder Needs and Requirements Definition,Validated requirements,AccessRelationship,BusinessFunction,BusinessObject
Quality Management,Quality management evaluation report,AccessRelationship,BusinessFunction,BusinessObject
Measurement,Measurement needs,AccessRelationship,BusinessFunction,BusinessObject
Life Cycle Model Management,QM corrective actions,AccessRelationship,BusinessFunction,BusinessObject
Stakeholder Needs and Requirements Definition,Business requirements traceability,AccessRelationship,BusinessFunction,BusinessObject
Life Cycle Model Management,Organization strategic plan,AccessRelationship,BusinessFunction,BusinessObject
Supply,Supply payment,AccessRelationship,BusinessFunction,BusinessObject
System Analysis,System analysis record,AccessRelationship,BusinessFunction,BusinessObject
Integration,Interface definition,AccessRelationship,BusinessFunction,BusinessObject
Project Planning,Supply response,AccessRelationship,BusinessFunction,BusinessObject
Design Definition,TPM needs,AccessRelationship,BusinessFunction,BusinessObject
Maintenance,Operation report,AccessRelationship,BusinessFunction,BusinessObject
Architecture Definition,System architecture rationale,AccessRelationship,BusinessFunction,BusinessObject
Integration,Interface definition update identification,AccessRelationship,BusinessFunction,BusinessObject
Operation,Operation constraints,AccessRelationship,BusinessFunction,BusinessObject
Project Planning,Project lessons learned,AccessRelationship,BusinessFunction,BusinessObject
Architecture Definition,Preliminary TPM needs,AccessRelationship,BusinessFunction,BusinessObject
Portfolio Management,Organization portfolio direction and constraints,AccessRelationship,BusinessFunction,BusinessObject
Supply,Validated system,AccessRelationship,BusinessFunction,BusinessObject
Verification,Verification criteria,AccessRelationship,BusinessFunction,BusinessObject
Portfolio Management,Portfolio management report,AccessRelationship,BusinessFunction,BusinessObject
Project Planning,Acquisition need,AccessRelationship,BusinessFunction,BusinessObject
System Requirements Definition,System function definition,AccessRelationship,BusinessFunction,BusinessObject
Integration,Implementation traceability,AccessRelationship,BusinessFunction,BusinessObject
Design Definition,Life cycle concepts,AccessRelationship,BusinessFunction,BusinessObject
Measurement,Measurement data,AccessRelationship,BusinessFunction,BusinessObject
Verification,Integration report,AccessRelationship,BusinessFunction,BusinessObject
Project Planning,Organization strategic plan,AccessRelationship,BusinessFunction,BusinessObject
Quality Assurance,Quality assurance report,AccessRelationship,BusinessFunction,BusinessObject
Verification,Integrated system or system elements,AccessRelationship,BusinessFunction,BusinessObject
Project Planning,Qualified personnel,AccessRelationship,BusinessFunction,BusinessObject
Validation,Validation strategy,AccessRelationship,BusinessFunction,BusinessObject
Disposal,Disposal enabling system requirements,AccessRelationship,BusinessFunction,BusinessObject
Business or Mission Analysis,Preliminary validation criteria,AccessRelationship,BusinessFunction,BusinessObject
Maintenance,Maintenance report,AccessRelationship,BusinessFunction,BusinessObject
Integration,System elements,AccessRelationship,BusinessFunction,BusinessObject
Risk Management,Risk record,AccessRelationship,BusinessFunction,BusinessObject
Quality Management,QM corrective actions,AccessRelationship,BusinessFunction,BusinessObject
Acquisition,Acquisition agreement,AccessRelationship,BusinessFunction,BusinessObject
Stakeholder Needs and Requirements Definition,Preliminary validation criteria,AccessRelationship,BusinessFunction,BusinessObject
Integration,Life cycle concepts,AccessRelationship,BusinessFunction,BusinessObject
Project Planning,Life cycle models,AccessRelationship,BusinessFunction,BusinessObject
Validation,Validated system,AccessRelationship,BusinessFunction,BusinessObject
Integration,Integrated system or system elements,AccessRelationship,BusinessFunction,BusinessObject
Quality Management,Customer satisfaction inputs,AccessRelationship,BusinessFunction,BusinessObject
Configuration Management,Candidate configuration items,AccessRelationship,BusinessFunction,BusinessObject
Knowledge Management,Knowledge management system,AccessRelationship,BusinessFunction,BusinessObject
Risk Management,Risk management strategy,AccessRelationship,BusinessFunction,BusinessObject
Business or Mission Analysis,Alternative solution classes,AccessRelationship,BusinessFunction,BusinessObject
System Requirements Definition,Stakeholder requirements,AccessRelationship,BusinessFunction,BusinessObject
Transition,Transition constraints,AccessRelationship,BusinessFunction,BusinessObject
Maintenance,Life cycle concepts,AccessRelationship,BusinessFunction,BusinessObject
Life Cycle Model Management,Life cycle model management plan,AccessRelationship,BusinessFunction,BusinessObject
Stakeholder Needs and Requirements Definition,Stakeholder needs and requirements definition strategy,AccessRelationship,BusinessFunction,BusinessObject
Quality Management,Organization strategic plan,AccessRelationship,BusinessFunction,BusinessObject
Knowledge Management,Organization strategic plan,AccessRelationship,BusinessFunction,BusinessObject
Architecture Definition,Life cycle concepts,AccessRelationship,BusinessFunction,BusinessObject
Supply,Request for supply,AccessRelationship,BusinessFunction,BusinessObject
Stakeholder Needs and Requirements Definition,Alternative solution classes,AccessRelationship,BusinessFunction,BusinessObject
Architecture Definition,Preliminary TPM data,AccessRelationship,BusinessFunction,BusinessObject
Transition,Trained operators and maintainers,AccessRelationship,BusinessFunction,BusinessObject
Risk Management,Candidate risks and opportunities,AccessRelationship,BusinessFunction,BusinessObject
Project Planning,Project constraints,AccessRelationship,BusinessFunction,BusinessObject
Implementation,Transition enabling system requirements,AccessRelationship,BusinessFunction,BusinessObject
Stakeholder Needs and Requirements Definition,MOE data,AccessRelationship,BusinessFunction,BusinessObject
Stakeholder Needs and Requirements Definition,Initial RVTM,AccessRelationship,BusinessFunction,BusinessObject
Maintenance,Validated system,AccessRelationship,BusinessFunction,BusinessObject
Implementation,Interface definition,AccessRelationship,BusinessFunction,BusinessObject
Business or Mission Analysis,Concept of operations (ConOps),AccessRelationship,BusinessFunction,BusinessObject
Disposal,Disposal report,AccessRelationship,BusinessFunction,BusinessObject
Acquisition,Acquisition need,AccessRelationship,BusinessFunction,BusinessObject
Portfolio Management,Portfolio management record,AccessRelationship,BusinessFunction,BusinessObject
Project Assessment and Control,Project budget,AccessRelationship,BusinessFunction,BusinessObject
Implementation,Implementation strategy,AccessRelationship,BusinessFunction,BusinessObject
Infrastructure Management,Project infrastructure needs,AccessRelationship,BusinessFunction,BusinessObject
Acquisition,Acquisition record,AccessRelationship,BusinessFunction,BusinessObject
Verification,Verification record,AccessRelationship,BusinessFunction,BusinessObject
Project Planning,Project tailoring strategy,AccessRelationship,BusinessFunction,BusinessObject
Business or Mission Analysis,Stakeholder requirements traceability,AccessRelationship,BusinessFunction,BusinessObject
Project Assessment and Control,Reports,AccessRelationship,BusinessFunction,BusinessObject
Disposal,Validated system,AccessRelationship,BusinessFunction,BusinessObject
Design Definition,Life cycle constraints,AccessRelationship,BusinessFunction,BusinessObject
Quality Assurance,Quality assurance evaluation report,AccessRelationship,BusinessFunction,BusinessObject
Business or Mission Analysis,Major stakeholder identification,AccessRelationship,BusinessFunction,BusinessObject
Validation,Final RVTM,AccessRelationship,BusinessFunction,BusinessObject
Verification,Verification enabling system requirements,AccessRelationship,BusinessFunction,BusinessObject
Knowledge Management,Records,AccessRelationship,BusinessFunction,BusinessObject
Architecture Definition,System functional interface identification,AccessRelationship,BusinessFunction,BusinessObject
System Requirements Definition,Verification criteria,AccessRelationship,BusinessFunction,BusinessObject
Disposal,Disposal constraints,AccessRelationship,BusinessFunction,BusinessObject
Implementation,System architecture rationale,AccessRelationship,BusinessFunction,BusinessObject
Business or Mission Analysis,Organization strategic plan,AccessRelationship,BusinessFunction,BusinessObject
Acquisition,Acquisition report,AccessRelationship,BusinessFunction,BusinessObject
Project Planning,Project planning record,AccessRelationship,BusinessFunction,BusinessObject
Disposal,Disposal strategy,AccessRelationship,BusinessFunction,BusinessObject
Validation,Validation criteria,AccessRelationship,BusinessFunction,BusinessObject
Information Management,Project change requests,AccessRelationship,BusinessFunction,BusinessObject
Stakeholder Needs and Requirements Definition,Life cycle concepts,AccessRelationship,BusinessFunction,BusinessObject
Life Cycle Model Management,Life cycle model management report,AccessRelationship,BusinessFunction,BusinessObject
Maintenance,Trained operators and maintainers,AccessRelationship,BusinessFunction,BusinessObject
System Requirements Definition,System requirements definition record,AccessRelationship,BusinessFunction,BusinessObject
Operation,Operation record,AccessRelationship,BusinessFunction,BusinessObject
Acquisition,Acquisition strategy,AccessRelationship,BusinessFunction,BusinessObject
Integration,Integration constraints,AccessRelationship,BusinessFunction,BusinessObject
Stakeholder Needs and Requirements Definition,Project constraints,AccessRelationship,BusinessFunction,BusinessObject
System Requirements Definition,Bedarf an Leistungsmessungen,AccessRelationship,BusinessFunction,BusinessObject
System Requirements Definition,System functional interface identification,AccessRelationship,BusinessFunction,BusinessObject
Configuration Management,Configuration baselines,AccessRelationship,BusinessFunction,BusinessObject
Architecture Definition,Design traceability,AccessRelationship,BusinessFunction,BusinessObject
Quality Assurance,Quality assurance plan,AccessRelationship,BusinessFunction,BusinessObject
Verification,System requirements,AccessRelationship,BusinessFunction,BusinessObject
Project Assessment and Control,Project performance measures needs,AccessRelationship,BusinessFunction,BusinessObject
Stakeholder Needs and Requirements Definition,Stakeholder requirements traceability,AccessRelationship,BusinessFunction,BusinessObject
Maintenance,Validation report,AccessRelationship,BusinessFunction,BusinessObject
Validation,Life cycle concepts,AccessRelationship,BusinessFunction,BusinessObject
Project Planning,Project human resources needs,AccessRelationship,BusinessFunction,BusinessObject
Implementation,Implementation traceability,AccessRelationship,BusinessFunction,BusinessObject
Transition,Transition strategy,AccessRelationship,BusinessFunction,BusinessObject
Acquisition,Request for supply,AccessRelationship,BusinessFunction,BusinessObject
Validation,Validated requirements,AccessRelationship,BusinessFunction,BusinessObject
System Requirements Definition,System function identification,AccessRelationship,BusinessFunction,BusinessObject
System Analysis,Analysis situations,AccessRelationship,BusinessFunction,BusinessObject
Quality Assurance,QM corrective actions,AccessRelationship,BusinessFunction,BusinessObject
Supply,Supplied System,AccessRelationship,BusinessFunction,BusinessObject
Portfolio Management,Organizational infrastructure needs,AccessRelationship,BusinessFunction,BusinessObject
Transition,Installation procedure,AccessRelationship,BusinessFunction,BusinessObject
Quality Management,Quality management plan,AccessRelationship,BusinessFunction,BusinessObject
Supply,Supply response,AccessRelationship,BusinessFunction,BusinessObject
Project Assessment and Control,Project assessment and control record,AccessRelationship,BusinessFunction,BusinessObject
Stakeholder Needs and Requirements Definition,Validation criteria,AccessRelationship,BusinessFunction,BusinessObject
Portfolio Management,Project portfolio,AccessRelationship,BusinessFunction,BusinessObject
Business or Mission Analysis,Life cycle constraints,AccessRelationship,BusinessFunction,BusinessObject
Life Cycle Model Management,Quality management evaluation report,AccessRelationship,BusinessFunction,BusinessObject
Design Definition,Preliminary TPM needs,AccessRelationship,BusinessFunction,BusinessObject
Acquisition,Acquired system,AccessRelationship,BusinessFunction,BusinessObject
Supply,Supply record,AccessRelationship,BusinessFunction,BusinessObject
Project Assessment and Control,Project change requests,AccessRelationship,BusinessFunction,BusinessObject
Decision Management,Decision record,AccessRelationship,BusinessFunction,BusinessObject
Risk Management,Risk report,AccessRelationship,BusinessFunction,BusinessObject
Configuration Management,Configuration management record,AccessRelationship,BusinessFunction,BusinessObject
Integration,Integration report,AccessRelationship,BusinessFunction,BusinessObject
Infrastructure Management,Organizational infrastructure needs,AccessRelationship,BusinessFunction,BusinessObject
System Analysis,System analysis strategy,AccessRelationship,BusinessFunction,BusinessObject
System Requirements Definition,Life cycle constraints,AccessRelationship,BusinessFunction,BusinessObject
Integration,Integration strategy,AccessRelationship,BusinessFunction,BusinessObject
Implementation,System element documentation,AccessRelationship,BusinessFunction,BusinessObject
Disposal,Life cycle concepts,AccessRelationship,BusinessFunction,BusinessObject
Validation,Validation procedure,AccessRelationship,BusinessFunction,BusinessObject
Measurement,Measurement strategy,AccessRelationship,BusinessFunction,BusinessObject
Design Definition,System functional interface identification,AccessRelationship,BusinessFunction,BusinessObject
Design Definition,Interface definition update identification,AccessRelationship,BusinessFunction,BusinessObject
Portfolio Management,Supply strategy,AccessRelationship,BusinessFunction,BusinessObject
System Analysis,System analysis report,AccessRelationship,BusinessFunction,BusinessObject
Design Definition,System design rationale,AccessRelationship,BusinessFunction,BusinessObject
Project Planning,Source documents,AccessRelationship,BusinessFunction,BusinessObject
Configuration Management,Configuration management report,AccessRelationship,BusinessFunction,BusinessObject
Design Definition,Design definition strategy,AccessRelationship,BusinessFunction,BusinessObject
Disposal,Disposed system,AccessRelationship,BusinessFunction,BusinessObject
Business or Mission Analysis,Preliminary life cycle concepts,AccessRelationship,BusinessFunction,BusinessObject
Implementation,Design traceability,AccessRelationship,BusinessFunction,BusinessObject
Maintenance,Operator/maintainer training material,AccessRelationship,BusinessFunction,BusinessObject
Stakeholder Needs and Requirements Definition,Problem or opportunity statement,AccessRelationship,BusinessFunction,BusinessObject
Implementation,Implementation constraints,AccessRelationship,BusinessFunction,BusinessObject
Project Assessment and Control,QM corrective actions,AccessRelationship,BusinessFunction,BusinessObject
Disposal,Operation report,AccessRelationship,BusinessFunction,BusinessObject
Project Assessment and Control,"Work Breakdown Structure, WBS",AccessRelationship,BusinessFunction,BusinessObject
Validation,Installed system,AccessRelationship,BusinessFunction,BusinessObject
Portfolio Management,Project status report,AccessRelationship,BusinessFunction,BusinessObject
Design Definition,System element description,AccessRelationship,BusinessFunction,BusinessObject
Implementation,Operator/maintainer training material,AccessRelationship,BusinessFunction,BusinessObject
Information Management,Information management record,AccessRelationship,BusinessFunction,BusinessObject
Project Assessment and Control,Measurement repository,AccessRelationship,BusinessFunction,BusinessObject
Verification,Verification strategy,AccessRelationship,BusinessFunction,BusinessObject
Project Assessment and Control,Configuration baselines,AccessRelationship,BusinessFunction,BusinessObject
Design Definition,Preliminary interface definition,AccessRelationship,BusinessFunction,BusinessObject
Stakeholder Needs and Requirements Definition,MOE needs,AccessRelationship,BusinessFunction,BusinessObject
Operation,Trained operators and maintainers,AccessRelationship,BusinessFunction,BusinessObject
Supply,Supply report,AccessRelationship,BusinessFunction,BusinessObject
Business or Mission Analysis,Preliminary MOE data,AccessRelationship,BusinessFunction,BusinessObject
Human Resource Management,Project portfolio,AccessRelationship,BusinessFunction,BusinessObject
Project Assessment and Control,Quality assurance evaluation report,AccessRelationship,BusinessFunction,BusinessObject
Design Definition,Interface definition,AccessRelationship,BusinessFunction,BusinessObject
Stakeholder Needs and Requirements Definition,Stakeholder needs and requirements definition record,AccessRelationship,BusinessFunction,BusinessObject
Stakeholder Needs and Requirements Definition,Preliminary life cycle concepts,AccessRelationship,BusinessFunction,BusinessObject
Implementation,System architecture description,AccessRelationship,BusinessFunction,BusinessObject
Information Management,Information management strategy,AccessRelationship,BusinessFunction,BusinessObject
Information Management,Information repository,AccessRelationship,BusinessFunction,BusinessObject
Operation,Maintenance report,AccessRelationship,BusinessFunction,BusinessObject
Validation,Stakeholder requirements,AccessRelationship,BusinessFunction,BusinessObject
Operation,Validation report,AccessRelationship,BusinessFunction,BusinessObject
Life Cycle Model Management,"Organizational policies, procedures, and assets",AccessRelationship,BusinessFunction,BusinessObject
Configuration Management,Project change requests,AccessRelationship,BusinessFunction,BusinessObject
Portfolio Management,Portfolio management plan,AccessRelationship,BusinessFunction,BusinessObject
Transition,Transition record,AccessRelationship,BusinessFunction,BusinessObject
Stakeholder Needs and Requirements Definition,Stakeholder requirements,AccessRelationship,BusinessFunction,BusinessObject
Project Assessment and Control,Project status report,AccessRelationship,BusinessFunction,BusinessObject
Architecture Definition,Documentation tree,AccessRelationship,BusinessFunction,BusinessObject
Stakeholder Needs and Requirements Definition,Preliminary MOE data,AccessRelationship,BusinessFunction,BusinessObject
Architecture Definition,Architecture definition strategy,AccessRelationship,BusinessFunction,BusinessObject
Design Definition,System requirements,AccessRelationship,BusinessFunction,BusinessObject
Business or Mission Analysis,Business or mission analysis record,AccessRelationship,BusinessFunction,BusinessObject
Project Assessment and Control,Information repository,AccessRelationship,BusinessFunction,BusinessObject
Project Assessment and Control,Project control requests,AccessRelationship,BusinessFunction,BusinessObject
Supply,Organization strategic plan,AccessRelationship,BusinessFunction,BusinessObject
Validation,Validation record,AccessRelationship,BusinessFunction,BusinessObject
Stakeholder Needs and Requirements Definition,Source documents,AccessRelationship,BusinessFunction,BusinessObject
Business or Mission Analysis,Source documents,AccessRelationship,BusinessFunction,BusinessObject
Design Definition,System architecture description,AccessRelationship,BusinessFunction,BusinessObject
Human Resource Management,Human resource management plan,AccessRelationship,BusinessFunction,BusinessObject
Operation,Operation report,AccessRelationship,BusinessFunction,BusinessObject
Human Resource Management,Human resource management record,AccessRelationship,BusinessFunction,BusinessObject
Operation,Operation strategy,AccessRelationship,BusinessFunction,BusinessObject
Verification,Life cycle concepts,AccessRelationship,BusinessFunction,BusinessObject
Verification,Interface definition,AccessRelationship,BusinessFunction,BusinessObject
System Requirements Definition,System requirements,AccessRelationship,BusinessFunction,BusinessObject
Integration,System element documentation,AccessRelationship,BusinessFunction,BusinessObject
Project Planning,"Work Breakdown Structure, WBS",AccessRelationship,BusinessFunction,BusinessObject
Configuration Management,Configuration management strategy,AccessRelationship,BusinessFunction,BusinessObject
Maintenance,Maintenance enabling system requirements,AccessRelationship,BusinessFunction,BusinessObject
Human Resource Management,Organization strategic plan,AccessRelationship,BusinessFunction,BusinessObject
Decision Management,Decision management strategy,AccessRelationship,BusinessFunction,BusinessObject
Design Definition,Implementation traceability,AccessRelationship,BusinessFunction,BusinessObject
Knowledge Management,Project lessons learned,AccessRelationship,BusinessFunction,BusinessObject
System Requirements Definition,MOP data,AccessRelationship,BusinessFunction,BusinessObject
Decision Management,Decision report,AccessRelationship,BusinessFunction,BusinessObject
Design Definition,Preliminary TPM data,AccessRelationship,BusinessFunction,BusinessObject
Knowledge Management,Knowledge management plan,AccessRelationship,BusinessFunction,BusinessObject
Project Assessment and Control,Project schedule,AccessRelationship,BusinessFunction,BusinessObject
Project Planning,QM corrective actions,AccessRelationship,BusinessFunction,BusinessObject
Design Definition,Architecture traceability,AccessRelationship,BusinessFunction,BusinessObject
Stakeholder Needs and Requirements Definition,Stakeholder needs,AccessRelationship,BusinessFunction,BusinessObject
System Analysis,Life cycle constraints,AccessRelationship,BusinessFunction,BusinessObject
System Requirements Definition,Initial RVTM,AccessRelationship,BusinessFunction,BusinessObject
Infrastructure Management,Organization strategic plan,AccessRelationship,BusinessFunction,BusinessObject
Operation,Operator/maintainer training material,AccessRelationship,BusinessFunction,BusinessObject
Implementation,Life cycle concepts,AccessRelationship,BusinessFunction,BusinessObject
Transition,Life cycle concepts,AccessRelationship,BusinessFunction,BusinessObject
Project Planning,Project infrastructure needs,AccessRelationship,BusinessFunction,BusinessObject
Stakeholder Needs and Requirements Definition,Preliminary MOE needs,AccessRelationship,BusinessFunction,BusinessObject
Acquisition,Organization strategic plan,AccessRelationship,BusinessFunction,BusinessObject
Life Cycle Model Management,Organizational process performance measures needs,AccessRelationship,BusinessFunction,BusinessObject
Integration,Integration record,AccessRelationship,BusinessFunction,BusinessObject
Human Resource Management,Human resource management report,AccessRelationship,BusinessFunction,BusinessObject
Life Cycle Model Management,Organization tailoring strategy,AccessRelationship,BusinessFunction,BusinessObject
Maintenance,Maintenance constraints,AccessRelationship,BusinessFunction,BusinessObject
Validation,Validation enabling system requirements,AccessRelationship,BusinessFunction,BusinessObject
Verification,Verification report,AccessRelationship,BusinessFunction,BusinessObject
Implementation,Implementation record,AccessRelationship,BusinessFunction,BusinessObject
Transition,Transition enabling system requirements,AccessRelationship,BusinessFunction,BusinessObject
Transition,Verification report,AccessRelationship,BusinessFunction,BusinessObject
Architecture Definition,System function definition,AccessRelationship,BusinessFunction,BusinessObject
Design Definition,System design description,AccessRelationship,BusinessFunction,BusinessObject
Quality Assurance,Quality management plan,AccessRelationship,BusinessFunction,BusinessObject
Maintenance,Maintenance procedure,AccessRelationship,BusinessFunction,BusinessObject
Implementation,System design rationale,AccessRelationship,BusinessFunction,BusinessObject
Transition,Installed system,AccessRelationship,BusinessFunction,BusinessObject
Life Cycle Model Management,Organizational process performance measures data,AccessRelationship,BusinessFunction,BusinessObject
Validation,Validation report,AccessRelationship,BusinessFunction,BusinessObject
Quality Management,Quality management guidelines,AccessRelationship,BusinessFunction,BusinessObject
Life Cycle Model Management,Life cycle models,AccessRelationship,BusinessFunction,BusinessObject
Project Planning,Project portfolio,AccessRelationship,BusinessFunction,BusinessObject
Transition,Operator/maintainer training material,AccessRelationship,BusinessFunction,BusinessObject
Project Planning,Project direction,AccessRelationship,BusinessFunction,BusinessObject
Quality Management,Quality management record,AccessRelationship,BusinessFunction,BusinessObject
Project Assessment and Control,Project performance measures data,AccessRelationship,BusinessFunction,BusinessObject
Disposal,Disposal record,AccessRelationship,BusinessFunction,BusinessObject
Validation,Transition report,AccessRelationship,BusinessFunction,BusinessObject
Design Definition,System function definition,AccessRelationship,BusinessFunction,BusinessObject
Quality Management,Quality management report,AccessRelationship,BusinessFunction,BusinessObject
Architecture Definition,System architecture description,AccessRelationship,BusinessFunction,BusinessObject
Life Cycle Model Management,Life cycle model management record,AccessRelationship,BusinessFunction,BusinessObject
Quality Assurance,Quality management guidelines,AccessRelationship,BusinessFunction,BusinessObject
Validation,Validation constraints,AccessRelationship,BusinessFunction,BusinessObject
Measurement,Measurement repository,AccessRelationship,BusinessFunction,BusinessObject
Stakeholder Needs and Requirements Definition,Business requirements,AccessRelationship,BusinessFunction,BusinessObject
Decision Management,Prepare for decisions,CompositionRelationship,BusinessFunction,BusinessProcess
Business or Mission Analysis,Manage the business or mission analysis,CompositionRelationship,BusinessFunction,BusinessProcess
Operation,Support the customer,CompositionRelationship,BusinessFunction,BusinessProcess
Quality Assurance,Treat incidents and problems,CompositionRelationship,BusinessFunction,BusinessProcess
Portfolio Management,Define and authorize projects,CompositionRelationship,BusinessFunction,BusinessProcess
Quality Management,Plan quality management,CompositionRelationship,BusinessFunction,BusinessProcess
Stakeholder Needs and Requirements Definition,Transform stakeholder needs into stakeholder requirements,CompositionRelationship,BusinessFunction,BusinessProcess
Transition,Manage results of transition,CompositionRelationship,BusinessFunction,BusinessProcess
Project Planning,Activate the project,CompositionRelationship,BusinessFunction,BusinessProcess
Architecture Definition,Relate the architecture to design,CompositionRelationship,BusinessFunction,BusinessProcess
Verification,Perform verification,CompositionRelationship,BusinessFunction,BusinessProcess
Design Definition,Manage the design,CompositionRelationship,BusinessFunction,BusinessProcess
Decision Management,Analyze the decision information,CompositionRelationship,BusinessFunction,BusinessProcess
Acquisition,Monitor the agreement,CompositionRelationship,BusinessFunction,BusinessProcess
Design Definition,Assess alternatives for obtaining system elements,CompositionRelationship,BusinessFunction,BusinessProcess
Architecture Definition,Develop models and views of candidate architectures,CompositionRelationship,BusinessFunction,BusinessProcess
Project Planning,Define the project,CompositionRelationship,BusinessFunction,BusinessProcess
Disposal,Perform disposal,CompositionRelationship,BusinessFunction,BusinessProcess
Supply,Respond to a tender,CompositionRelationship,BusinessFunction,BusinessProcess
Maintenance,Perform maintenance,CompositionRelationship,BusinessFunction,BusinessProcess
Configuration Management,Pefrorm configuration evaluation,CompositionRelationship,BusinessFunction,BusinessProcess
Architecture Definition,Prepare for architecture definition,CompositionRelationship,BusinessFunction,BusinessProcess
Knowledge Management,"Manage knowledge, skills and knowledge assets",CompositionRelationship,BusinessFunction,BusinessProcess
Architecture Definition,Develop architecture viewpoints,CompositionRelationship,BusinessFunction,BusinessProcess
Quality Assurance,Manage QA records and reports,CompositionRelationship,BusinessFunction,BusinessProcess
Maintenance,Perform logistics support,CompositionRelationship,BusinessFunction,BusinessProcess
Life Cycle Model Management,Improve the process,CompositionRelationship,BusinessFunction,BusinessProcess
System Requirements Definition,Manage system requirements,CompositionRelationship,BusinessFunction,BusinessProcess
Operation,Perform operation,CompositionRelationship,BusinessFunction,BusinessProcess
Stakeholder Needs and Requirements Definition,Define stakeholder needs,CompositionRelationship,BusinessFunction,BusinessProcess
Quality Assurance,Perform product or service evaluation,CompositionRelationship,BusinessFunction,BusinessProcess
Life Cycle Model Management,Assess the process,CompositionRelationship,BusinessFunction,BusinessProcess
Project Assessment and Control,Assess the project,CompositionRelationship,BusinessFunction,BusinessProcess
Information Management,Perform information management,CompositionRelationship,BusinessFunction,BusinessProcess
Verification,Manage results of verification,CompositionRelationship,BusinessFunction,BusinessProcess
Stakeholder Needs and Requirements Definition,Analyze stakeholder requirements,CompositionRelationship,BusinessFunction,BusinessProcess
Disposal,Prepare for disposal,CompositionRelationship,BusinessFunction,BusinessProcess
Design Definition,Prepare for design definition,CompositionRelationship,BusinessFunction,BusinessProcess
Quality Assurance,Perform process evaluations,CompositionRelationship,BusinessFunction,BusinessProcess
Risk Management,Treat risks,CompositionRelationship,BusinessFunction,BusinessProcess
Disposal,Finalize the disposal,CompositionRelationship,BusinessFunction,BusinessProcess
Integration,Manage results of integration,CompositionRelationship,BusinessFunction,BusinessProcess
Validation,Prepare for validation,CompositionRelationship,BusinessFunction,BusinessProcess
Configuration Management,Perform configuration status accounting,CompositionRelationship,BusinessFunction,BusinessProcess
Verification,Prepare for verification,CompositionRelationship,BusinessFunction,BusinessProcess
System Requirements Definition,Define system requirements,CompositionRelationship,BusinessFunction,BusinessProcess
Risk Management,Plan risk management,CompositionRelationship,BusinessFunction,BusinessProcess
Implementation,Prepare for implementation,CompositionRelationship,BusinessFunction,BusinessProcess
Risk Management,Monitor risks,CompositionRelationship,BusinessFunction,BusinessProcess
Configuration Management,Perform configuration change management,CompositionRelationship,BusinessFunction,BusinessProcess
Information Management,Prepare for information management,CompositionRelationship,BusinessFunction,BusinessProcess
Business or Mission Analysis,Prepare for business or mission analysis,CompositionRelationship,BusinessFunction,BusinessProcess
Portfolio Management,Terminate projects,CompositionRelationship,BusinessFunction,BusinessProcess
Risk Management,Analyze risks,CompositionRelationship,BusinessFunction,BusinessProcess
Configuration Management,Plan configuration management,CompositionRelationship,BusinessFunction,BusinessProcess
Stakeholder Needs and Requirements Definition,Prepare for stakeholder needs and requirements definition,CompositionRelationship,BusinessFunction,BusinessProcess
Transition,Perform the transition,CompositionRelationship,BusinessFunction,BusinessProcess
Human Resource Management,Identify skills,CompositionRelationship,BusinessFunction,BusinessProcess
Supply,Establish and maintain an agreement,CompositionRelationship,BusinessFunction,BusinessProcess
Project Assessment and Control,Control the project,CompositionRelationship,BusinessFunction,BusinessProcess
Maintenance,Manage results of maintenance and logistics,CompositionRelationship,BusinessFunction,BusinessProcess
Knowledge Management,Plan knowledge management,CompositionRelationship,BusinessFunction,BusinessProcess
Integration,Prepare for integration,CompositionRelationship,BusinessFunction,BusinessProcess
Risk Management,Manage the risk profile,CompositionRelationship,BusinessFunction,BusinessProcess
Quality Assurance,Prepare for quality assurance,CompositionRelationship,BusinessFunction,BusinessProcess
System Analysis,Prepare for system analysis,CompositionRelationship,BusinessFunction,BusinessProcess
Acquisition,Accept the product or service,CompositionRelationship,BusinessFunction,BusinessProcess
System Requirements Definition,Prepare for system requirements definition,CompositionRelationship,BusinessFunction,BusinessProcess
Acquisition,Advertise the acquisition and select the supplier,CompositionRelationship,BusinessFunction,BusinessProcess
Business or Mission Analysis,Evaluate alternative solution classes,CompositionRelationship,BusinessFunction,BusinessProcess
Integration,Perform integration - Successively integrate system element configurations until the complete system is synthesized,CompositionRelationship,BusinessFunction,BusinessProcess
Implementation,Manage results of implementation,CompositionRelationship,BusinessFunction,BusinessProcess
Acquisition,Establish and maintain the agreement,CompositionRelationship,BusinessFunction,BusinessProcess
Project Planning,Plan project and technical management,CompositionRelationship,BusinessFunction,BusinessProcess
Human Resource Management,Develop skills,CompositionRelationship,BusinessFunction,BusinessProcess
Operation,Manage results of operation,CompositionRelationship,BusinessFunction,BusinessProcess
Quality Management,Perform quality management corrective action and preventive action,CompositionRelationship,BusinessFunction,BusinessProcess
Supply,Prepare for supply,CompositionRelationship,BusinessFunction,BusinessProcess
Life Cycle Model Management,Establish the process,CompositionRelationship,BusinessFunction,BusinessProcess
System Requirements Definition,Analyze system requirements,CompositionRelationship,BusinessFunction,BusinessProcess
Architecture Definition,Assess architecture candidates,CompositionRelationship,BusinessFunction,BusinessProcess
Portfolio Management,Evaluate the portfolio of projects,CompositionRelationship,BusinessFunction,BusinessProcess
Configuration Management,Perform release control,CompositionRelationship,BusinessFunction,BusinessProcess
Stakeholder Needs and Requirements Definition,Develop the operational concept and other lifecycle concepts,CompositionRelationship,BusinessFunction,BusinessProcess
Acquisition,Prepare for the acquisition,CompositionRelationship,BusinessFunction,BusinessProcess
Supply,Deliver and support the product or service,CompositionRelationship,BusinessFunction,BusinessProcess
System Analysis,Perform system analysis,CompositionRelationship,BusinessFunction,BusinessProcess
Transition,Prepare for transition,CompositionRelationship,BusinessFunction,BusinessProcess
Architecture Definition,Manage the selected architecture,CompositionRelationship,BusinessFunction,BusinessProcess
Business or Mission Analysis,Define the problem or opportunity space,CompositionRelationship,BusinessFunction,BusinessProcess
Maintenance,Prepare for maintenance,CompositionRelationship,BusinessFunction,BusinessProcess
Knowledge Management,Share knowledge assets throughout the organization,CompositionRelationship,BusinessFunction,BusinessProcess
Design Definition,Establish design characteristics and design enablers related to each system element,CompositionRelationship,BusinessFunction,BusinessProcess
Infrastructure Management,Maintain the infrastructure,CompositionRelationship,BusinessFunction,BusinessProcess
Validation,Manage results of validation,CompositionRelationship,BusinessFunction,BusinessProcess
Business or Mission Analysis,Characterize the solution space,CompositionRelationship,BusinessFunction,BusinessProcess
Project Assessment and Control,Plan for project assessment and control,CompositionRelationship,BusinessFunction,BusinessProcess
Human Resource Management,Acquire and provide skills,CompositionRelationship,BusinessFunction,BusinessProcess
Supply,Execute the agreement,CompositionRelationship,BusinessFunction,BusinessProcess
Configuration Management,Perform configuration identification,CompositionRelationship,BusinessFunction,BusinessProcess
Knowledge Management,Share knowledge and skills throughout the organization,CompositionRelationship,BusinessFunction,BusinessProcess
Stakeholder Needs and Requirements Definition,Manage the stakeholder needs and requirements definition,CompositionRelationship,BusinessFunction,BusinessProcess
Decision Management,Make and manage decisions,CompositionRelationship,BusinessFunction,BusinessProcess
Infrastructure Management,Establish the infrastructure,CompositionRelationship,BusinessFunction,BusinessProcess
System Analysis,Manage system analysis,CompositionRelationship,BusinessFunction,BusinessProcess
Implementation,Perform implementation,CompositionRelationship,BusinessFunction,BusinessProcess
Measurement,Perform measurement,CompositionRelationship,BusinessFunction,BusinessProcess
Measurement,Prepare for measurement,CompositionRelationship,BusinessFunction,BusinessProcess
Quality Management,Assess quality management,CompositionRelationship,BusinessFunction,BusinessProcess
Validation,Perform validation,CompositionRelationship,BusinessFunction,BusinessProcess
Operation,Prepare for operation,CompositionRelationship,BusinessFunction,BusinessProcess
Enabling system requirements,Transition enabling system requirements,CompositionRelationship,BusinessObject,BusinessObject
Enabling system requirements,Operation enabling system requirements,CompositionRelationship,BusinessObject,BusinessObject
Enabling system requirements,Disposal enabling system requirements,CompositionRelationship,BusinessObject,BusinessObject
Enabling system requirements,Integration enabling system requirements,CompositionRelationship,BusinessObject,BusinessObject
Enabling system requirements,Validation enabling system requirements,CompositionRelationship,BusinessObject,BusinessObject
Enabling system requirements,Verification enabling system requirements,CompositionRelationship,BusinessObject,BusinessObject
Enabling system requirements,Maintenance enabling system requirements,CompositionRelationship,BusinessObject,BusinessObject
Enabling system requirements,Transition enabling system requirements,CompositionRelationship,BusinessObject,BusinessObject
Reports,Risk report,CompositionRelationship,BusinessObject,BusinessObject
Reports,Disposal report,CompositionRelationship,BusinessObject,BusinessObject
Reports,Project status report,CompositionRelationship,BusinessObject,BusinessObject
Reports,Integration report,CompositionRelationship,BusinessObject,BusinessObject
Reports,Quality management report,CompositionRelationship,BusinessObject,BusinessObject
Reports,Supply report,CompositionRelationship,BusinessObject,BusinessObject
Reports,Transition report,CompositionRelationship,BusinessObject,BusinessObject
Reports,Quality management evaluation report,CompositionRelationship,BusinessObject,BusinessObject
Reports,Implementation report,CompositionRelationship,BusinessObject,BusinessObject
Reports,Knowledge management report,CompositionRelationship,BusinessObject,BusinessObject
Reports,Acquisition report,CompositionRelationship,BusinessObject,BusinessObject
Reports,Information management strategy,CompositionRelationship,BusinessObject,BusinessObject
Reports,Quality assurance report,CompositionRelationship,BusinessObject,BusinessObject
Reports,Life cycle model management report,CompositionRelationship,BusinessObject,BusinessObject
Reports,Human resource management report,CompositionRelationship,BusinessObject,BusinessObject
Reports,Measurement report,CompositionRelationship,BusinessObject,BusinessObject
Reports,Maintenance report,CompositionRelationship,BusinessObject,BusinessObject
Reports,Operation report,CompositionRelationship,BusinessObject,BusinessObject
Reports,Quality assurance evaluation report,CompositionRelationship,BusinessObject,BusinessObject
Reports,Quality assurance evaluation report,CompositionRelationship,BusinessObject,BusinessObject
Reports,Portfolio management report,CompositionRelationship,BusinessObject,BusinessObject
Reports,Configuration management report,CompositionRelationship,BusinessObject,BusinessObject
Reports,System analysis report,CompositionRelationship,BusinessObject,BusinessObject
Reports,Decision report,CompositionRelationship,BusinessObject,BusinessObject
Reports,Verification report,CompositionRelationship,BusinessObject,BusinessObject
Reports,Validation report,CompositionRelationship,BusinessObject,BusinessObject
Reports,Infrastructure management report,CompositionRelationship,BusinessObject,BusinessObject
Measurement needs,MOE needs,CompositionRelationship,BusinessObject,BusinessObject
Measurement needs,Bedarf an Leistungsmessungen,CompositionRelationship,BusinessObject,BusinessObject
Measurement needs,Preliminary TPM needs,CompositionRelationship,BusinessObject,BusinessObject
Measurement needs,Preliminary MOE needs,CompositionRelationship,BusinessObject,BusinessObject
Measurement needs,TPM needs,CompositionRelationship,BusinessObject,BusinessObject
Measurement data,Organizational process performance measures data,CompositionRelationship,BusinessObject,BusinessObject
Measurement data,Project performance measures data,CompositionRelationship,BusinessObject,BusinessObject
Measurement data,TPM data,CompositionRelationship,BusinessObject,BusinessObject
Measurement data,MOE data,CompositionRelationship,BusinessObject,BusinessObject
Measurement data,Preliminary MOE data,CompositionRelationship,BusinessObject,BusinessObject
Measurement data,MOP data,CompositionRelationship,BusinessObject,BusinessObject
Measurement data,Preliminary TPM data,CompositionRelationship,BusinessObject,BusinessObject
Life cycle constraints,Integration constraints,CompositionRelationship,BusinessObject,BusinessObject
Life cycle constraints,Maintenance constraints,CompositionRelationship,BusinessObject,BusinessObject
Life cycle constraints,Implementation constraints,CompositionRelationship,BusinessObject,BusinessObject
Life cycle constraints,Transition constraints,CompositionRelationship,BusinessObject,BusinessObject
Life cycle constraints,Verification constraints,CompositionRelationship,BusinessObject,BusinessObject
Life cycle constraints,Validation constraints,CompositionRelationship,BusinessObject,BusinessObject
Life cycle constraints,Operation constraints,CompositionRelationship,BusinessObject,BusinessObject
Life cycle constraints,Disposal constraints,CompositionRelationship,BusinessObject,BusinessObject
Records,Business or mission analysis record,CompositionRelationship,BusinessObject,BusinessObject
Records,Quality assurance record,CompositionRelationship,BusinessObject,BusinessObject
Records,System analysis record,CompositionRelationship,BusinessObject,BusinessObject
Records,Supply record,CompositionRelationship,BusinessObject,BusinessObject
Records,Project planning record,CompositionRelationship,BusinessObject,BusinessObject
Records,Risk record,CompositionRelationship,BusinessObject,BusinessObject
Records,Life cycle model management record,CompositionRelationship,BusinessObject,BusinessObject
Records,Quality management record,CompositionRelationship,BusinessObject,BusinessObject
Records,Validation record,CompositionRelationship,BusinessObject,BusinessObject
Records,Maintenance record,CompositionRelationship,BusinessObject,BusinessObject
Records,Implementation record,CompositionRelationship,BusinessObject,BusinessObject
Records,Stakeholder needs and requirements definition record,CompositionRelationship,BusinessObject,BusinessObject
Records,Verification record,CompositionRelationship,BusinessObject,BusinessObject
Records,System requirements definition record,CompositionRelationship,BusinessObject,BusinessObject
Records,Project assessment and control record,CompositionRelationship,BusinessObject,BusinessObject
Records,Transition record,CompositionRelationship,BusinessObject,BusinessObject
Records,Information management record,CompositionRelationship,BusinessObject,BusinessObject
Records,Portfolio management record,CompositionRelationship,BusinessObject,BusinessObject
Records,Operation record,CompositionRelationship,BusinessObject,BusinessObject
Records,Design definition record,CompositionRelationship,BusinessObject,BusinessObject
Records,Acquisition record,CompositionRelationship,BusinessObject,BusinessObject
Records,Configuration management record,CompositionRelationship,BusinessObject,BusinessObject
Records,Integration record,CompositionRelationship,BusinessObject,BusinessObject
Records,Decision record,CompositionRelationship,BusinessObject,BusinessObject
Records,Measurement record,CompositionRelationship,BusinessObject,BusinessObject
Records,Architecture definition record,CompositionRelationship,BusinessObject,BusinessObject
Records,Human resource management record,CompositionRelationship,BusinessObject,BusinessObject
Records,Disposal record,CompositionRelationship,BusinessObject,BusinessObject
Strategy documents,Acquisition strategy,CompositionRelationship,BusinessObject,BusinessObject
Strategy documents,Configuration management strategy,CompositionRelationship,BusinessObject,BusinessObject
Strategy documents,Organization tailoring strategy,CompositionRelationship,BusinessObject,BusinessObject
Strategy documents,Design definition strategy,CompositionRelationship,BusinessObject,BusinessObject
Strategy documents,Project tailoring strategy,CompositionRelationship,BusinessObject,BusinessObject
Strategy documents,Decision management strategy,CompositionRelationship,BusinessObject,BusinessObject
Strategy documents,Architecture definition strategy,CompositionRelationship,BusinessObject,BusinessObject
Strategy documents,Operation strategy,CompositionRelationship,BusinessObject,BusinessObject
Strategy documents,Information management strategy,CompositionRelationship,BusinessObject,BusinessObject
Strategy documents,Integration strategy,CompositionRelationship,BusinessObject,BusinessObject
Strategy documents,Measurement strategy,CompositionRelationship,BusinessObject,BusinessObject
Strategy documents,Disposal strategy,CompositionRelationship,BusinessObject,BusinessObject
Strategy documents,System requirements definition strategy,CompositionRelationship,BusinessObject,BusinessObject
Strategy documents,Implementation strategy,CompositionRelationship,BusinessObject,BusinessObject
Strategy documents,Validation strategy,CompositionRelationship,BusinessObject,BusinessObject
Strategy documents,Supply strategy,CompositionRelationship,BusinessObject,BusinessObject
Strategy documents,Transition strategy,CompositionRelationship,BusinessObject,BusinessObject
Strategy documents,Risk management strategy,CompositionRelationship,BusinessObject,BusinessObject
Strategy documents,Business or mission analysis strategy,CompositionRelationship,BusinessObject,BusinessObject
Strategy documents,Project assessment and control strategy,CompositionRelationship,BusinessObject,BusinessObject
Strategy documents,Organization strategic plan,CompositionRelationship,BusinessObject,BusinessObject
Strategy documents,Wartungsstrategie,CompositionRelationship,BusinessObject,BusinessObject
Strategy documents,Stakeholder needs and requirements definition strategy,CompositionRelationship,BusinessObject,BusinessObject
Strategy documents,System analysis strategy,CompositionRelationship,BusinessObject,BusinessObject
Strategy documents,Verification strategy,CompositionRelationship,BusinessObject,BusinessObject
Procedures,Disposal procedure,CompositionRelationship,BusinessObject,BusinessObject
Procedures,Installation procedure,CompositionRelationship,BusinessObject,BusinessObject
Procedures,Integration procedure,CompositionRelationship,BusinessObject,BusinessObject
Procedures,Validation procedure,CompositionRelationship,BusinessObject,BusinessObject
Procedures,Verification procedure,CompositionRelationship,BusinessObject,BusinessObject
Procedures,Maintenance procedure,CompositionRelationship,BusinessObject,BusinessObject
System Thinking - Awareness,Explains what “system context” is for a given system of interest and describes why it is important,CompositionRelationship,Grouping,Requirement
System Thinking - Awareness,Explains why it is important to be able to identify and understand what interfaces are,CompositionRelationship,Grouping,Requirement
System Thinking - Awareness,Explains what “systems thinking” is and explains why it is important,CompositionRelationship,Grouping,Requirement
System Thinking - Awareness,"Explains how business, enterprise and technology can each influence the definition and development of the system and vice versa",CompositionRelationship,Grouping,Requirement
System Thinking - Awareness,"Explains what “emergence” is, why it is important, and how it can be “positive” or negative” in its effect upon the system as a whole",CompositionRelationship,Grouping,Requirement
System Thinking - Awareness,Explains why it is important to recognize interactions amongst systems and their elements,CompositionRelationship,Grouping,Requirement
System Thinking - Awareness,"Explains why it may be necessary to approach systems thinking in different ways, depending on the situation, and provides examples",CompositionRelationship,Grouping,Requirement
System Thinking - Awareness,Explains why it is important to understand purpose and functionality of a system of interest,CompositionRelationship,Grouping,Requirement
System Thinking - Awareness,Explains what a “system hierarchy” is and why it is important,CompositionRelationship,Grouping,Requirement
System Thinking - Supervised Practitioner,Identifies the influence of wider enterprise on a project,CompositionRelationship,Grouping,Requirement
System Thinking - Supervised Practitioner,Develops own understanding of this competency area through Continual Professional Development (CPD),CompositionRelationship,Grouping,Requirement
System Thinking - Supervised Practitioner,Defines the properties of a system,CompositionRelationship,Grouping,Requirement
System Thinking - Supervised Practitioner,"Develops their own systems thinking insights to share thinking across the wider project (e.g. working groups, other teams)",CompositionRelationship,Grouping,Requirement
System Thinking - Supervised Practitioner,Defines system characteristics in order to improve understanding of need,CompositionRelationship,Grouping,Requirement
System Thinking - Supervised Practitioner,Uses systems thinking to contribute to enterprise technology development activities,CompositionRelationship,Grouping,Requirement
System Thinking - Supervised Practitioner,Explains how system behavior produces emergent properties,CompositionRelationship,Grouping,Requirement
System Thinking - Supervised Practitioner,Explains why the boundary of a system needs to be managed,CompositionRelationship,Grouping,Requirement
System Thinking - Supervised Practitioner,Uses the principles of system partitioning within system hierarchy on a project,CompositionRelationship,Grouping,Requirement
System Thinking - Practitioner,Identifies enterprise and technology issues affecting the design of a system and addresses them using a systems thinking approach,CompositionRelationship,Grouping,Requirement
System Thinking - Practitioner,"Identifies the interaction between humans and systems, and systems and systems",CompositionRelationship,Grouping,Requirement
System Thinking - Practitioner,Identifies the context of a system from a range of viewpoints including system boundaries and external interfaces,CompositionRelationship,Grouping,Requirement
System Thinking - Practitioner,Uses analysis of a system functions and parts to predict resultant system behavior,CompositionRelationship,Grouping,Requirement
System Thinking - Practitioner,(in addition to those at Supervised Practitioner level),CompositionRelationship,Grouping,Requirement
System Thinking - Practitioner,"Uses appropriate systems thinking approaches to a range of situations, integrating the outcomes to get a full understanding of the whole",CompositionRelationship,Grouping,Requirement
System Thinking - Practitioner,Identifies potential enterprise improvements to enable system development,CompositionRelationship,Grouping,Requirement
System Thinking - Practitioner,Guides team systems thinking activities in order to ensure current activities align to purpose,CompositionRelationship,Grouping,Requirement
System Thinking - Practitioner,Develops existing case studies and examples of systems thinking to apply in new situations,CompositionRelationship,Grouping,Requirement
System Thinking - Practitioner,"Guides new or supervised practitioners in System thinking techniques in order to develop their knowledge, abilities, skills or associated behaviors",CompositionRelationship,Grouping,Requirement
System Thinking - Practitioner,Maintains and enhances own competence in this area through Continual Professional Development (CPD) activities,CompositionRelationship,Grouping,Requirement
System Thinking - Lead Practitioner,Persuades key stakeholders to address enterprise-level issues identified through systems thinking,CompositionRelationship,Grouping,Requirement
System Thinking - Lead Practitioner,"Creates enterprise-level policies, procedures, guidance and best practice for systems thinking, including associated tools",CompositionRelationship,Grouping,Requirement
System Thinking - Lead Practitioner,"Judges the suitability of project-level systems thinking on behalf of the enterprise, to ensure its validity",CompositionRelationship,Grouping,Requirement
System Thinking - Lead Practitioner,"Coaches or mentors practitioners across the enterprise in Systems thinking in order to develop their knowledge, abilities, skills or associated behaviors",CompositionRelationship,Grouping,Requirement
System Thinking - Lead Practitioner,"Promotes the introduction and use of novel techniques and ideas in systems thinking across the enterprise, to improve enterprise competence in this area",CompositionRelationship,Grouping,Requirement
System Thinking - Lead Practitioner,Persuades key enterprise-level stakeholders across the enterprise to support and maintain the technical capability and strategy of the enterprise,CompositionRelationship,Grouping,Requirement
System Thinking - Lead Practitioner,"Adapts existing systems thinking practices on behalf of the enterprise to accommodate novel, complex or difficult system situations or problems",CompositionRelationship,Grouping,Requirement
System Thinking - Lead Practitioner,Develops expertise in this competency area through specialist Continual Professional Development (CPD) activities,CompositionRelationship,Grouping,Requirement
System Thinking - Lead Practitioner,Persuades project stakeholders across the enterprise to improve the suitability of project technical strategies in order to maintain their validity,CompositionRelationship,Grouping,Requirement
System Thinking - Expert,"Champions the introduction of novel techniques and ideas in systems thinking beyond the enterprise boundary, in order to develop the wider Systems Engineering community in this competency",CompositionRelationship,Grouping,Requirement
System Thinking - Expert,Communicates own knowledge and experience in systems thinking in order to improve best practice beyond the enterprise boundary,CompositionRelationship,Grouping,Requirement
System Thinking - Expert,"Coaches individuals beyond the enterprise boundary in systems thinking techniques, in order to further develop their knowledge, abilities, skills or associated behaviors",CompositionRelationship,Grouping,Requirement
System Thinking - Expert,Advises organizations beyond the enterprise boundary on complex or sensitive systems thinking issues,CompositionRelationship,Grouping,Requirement
System Thinking - Expert,Advises organizations beyond the enterprise boundary on the suitability of their approach to systems thinking,CompositionRelationship,Grouping,Requirement
System Thinking - Expert,Influences individuals and activities beyond the enterprise boundary to support the systems thinking approach of their own enterprise,CompositionRelationship,Grouping,Requirement
System Thinking - Expert,Maintains expertise in this competency area through specialist Continual Professional Development (CPD) activities,CompositionRelationship,Grouping,Requirement
Procedures,"Organizational policies, procedures, and assets",CompositionRelationship,BusinessObject,BusinessObject
Architecture Definition,System Thinking,InfluenceRelationship,BusinessFunction,Principle
Architecture Definition,General Engineering,InfluenceRelationship,BusinessFunction,Principle
Architecture Definition,Critical Thinking,InfluenceRelationship,BusinessFunction,Principle
Architecture Definition,System Modelling and Analysis,InfluenceRelationship,BusinessFunction,Principle
Architecture Definition,Lifecycles,InfluenceRelationship,BusinessFunction,Principle
Architecture Definition,Capability Engineering,InfluenceRelationship,BusinessFunction,Principle
Architecture Definition,System Architecting,InfluenceRelationship,BusinessFunction,Principle
Architecture Definition,Operation and Support,InfluenceRelationship,BusinessFunction,Principle
Architecture Definition,Requirements Definition,InfluenceRelationship,BusinessFunction,Principle
Architecture Definition,Integration,InfluenceRelationship,BusinessFunction,Principle
Architecture Definition,Interfaces,InfluenceRelationship,BusinessFunction,Principle
Architecture Definition,Decision Management,InfluenceRelationship,BusinessFunction,Principle
Architecture Definition,Concurrent Engineering,InfluenceRelationship,BusinessFunction,Principle
Architecture Definition,Information Management,InfluenceRelationship,BusinessFunction,Principle
Architecture Definition,Configuration Management,InfluenceRelationship,BusinessFunction,Principle
System Thinking - Awareness,System Thinking,RealizationRelationship,Grouping,Principle
System Thinking - Supervised Practitioner,System Thinking,RealizationRelationship,Grouping,Principle
System Thinking - Practitioner,System Thinking,RealizationRelationship,Grouping,Principle
System Thinking - Lead Practitioner,System Thinking,RealizationRelationship,Grouping,Principle
System Thinking - Expert,System Thinking,RealizationRelationship,Grouping,Principle
